date,open,high,low,close,volume,amount,postVol,postAmt
2021-09-23,1.74,1.798,1.724,1.735,1091000,1904933,,
2021-09-24,1.735,1.735,1.672,1.672,629900,1063047,,
2021-09-27,1.676,1.688,1.623,1.637,1254400,2057487,,
2021-09-28,1.648,1.682,1.646,1.68,2408400,3999954,,
2021-09-29,1.68,1.681,1.633,1.636,1350300,2220916,,
2021-09-30,1.635,1.658,1.624,1.658,216800,355570,,
2021-10-08,1.673,1.673,1.634,1.642,322600,530412,,
2021-10-11,1.643,1.663,1.642,1.658,641000,1060684,,
2021-10-12,1.658,1.677,1.624,1.647,1349500,2218623,,
2021-10-13,1.647,1.647,1.597,1.618,1149100,1859696,,
2021-10-14,1.618,1.618,1.593,1.605,1434300,2311101,,
2021-10-15,1.604,1.617,1.592,1.614,2322900,3716542,,
2021-10-18,1.614,1.645,1.609,1.645,1830900,2985912,,
2021-10-19,1.645,1.675,1.632,1.645,1367200,2256083,,
2021-10-20,1.645,1.645,1.605,1.613,8298400,13382266,,
2021-10-21,1.612,1.65,1.612,1.639,3280100,5345840,,
2021-10-25,0.87,0.87,0.791,0.801,4935000,3943513,,
2021-10-26,0.801,0.804,0.794,0.796,7219900,5771270,,
2021-10-27,0.795,0.795,0.778,0.782,2019000,1585994,,
2021-10-28,0.78,0.787,0.757,0.759,3198000,2432315,,
2021-10-29,0.76,0.76,0.749,0.755,9432600,7116885,,
2021-11-01,0.756,0.766,0.753,0.762,20876700,15814926,,
2021-11-02,0.762,0.763,0.737,0.744,7017000,5265975,,
2021-11-03,0.744,0.761,0.744,0.76,2825700,2136852,,
2021-11-04,0.76,0.76,0.751,0.757,2642500,1989572,,
2021-11-05,0.761,0.761,0.741,0.742,1448300,1076700,,
2021-11-08,0.743,0.748,0.74,0.743,1130600,842212,,
2021-11-09,0.742,0.743,0.739,0.742,294300,217778,,
2021-11-10,0.737,0.74,0.726,0.74,1002700,731616,,
2021-11-11,0.745,0.756,0.743,0.755,3981200,2993975,,
2021-11-12,0.755,0.755,0.748,0.751,7228500,5431080,,
2021-11-15,0.756,0.756,0.745,0.749,295700,221249,,
2021-11-16,0.748,0.75,0.744,0.744,1286800,960771,,
2021-11-17,0.744,0.744,0.74,0.743,794500,588787,,
2021-11-18,0.748,0.748,0.74,0.741,967700,718342,,
2021-11-19,0.739,0.753,0.737,0.752,1648000,1231213,,
2021-11-22,0.752,0.755,0.75,0.752,663700,499289,,
2021-11-23,0.752,0.761,0.751,0.759,1171100,887784,,
2021-11-24,0.759,0.769,0.757,0.769,2683500,2053277,,
2021-11-25,0.769,0.776,0.764,0.767,3183600,2439185,,
2021-11-26,0.767,0.767,0.756,0.756,436000,330071,,
2021-11-29,0.752,0.775,0.744,0.749,1645500,1230170,,
2021-11-30,0.751,0.755,0.747,0.748,3176500,2383155,,
2021-12-01,0.749,0.76,0.749,0.758,4483800,3393918,,
2021-12-02,0.76,0.765,0.756,0.763,3384200,2572443,,
2021-12-03,0.763,0.779,0.757,0.776,3985700,3076290,,
2021-12-06,0.775,0.784,0.772,0.773,1768500,1376789,,
2021-12-07,0.773,0.785,0.771,0.784,1732700,1352948,,
2021-12-08,0.784,0.785,0.776,0.785,538100,420228,,
2021-12-09,0.783,0.79,0.782,0.787,1786400,1405412,,
2021-12-10,0.785,0.787,0.781,0.784,7863600,6163360,,
2021-12-13,0.784,0.786,0.778,0.779,4340300,3385210,,
2021-12-14,0.776,0.776,0.767,0.769,559100,430369,,
2021-12-15,0.769,0.778,0.767,0.776,4461500,3434406,,
2021-12-16,0.776,0.788,0.776,0.787,3578100,2802396,,
2021-12-17,0.788,0.791,0.786,0.788,3402700,2683367,,
2021-12-20,0.788,0.79,0.784,0.784,4130000,3251099,,
2021-12-21,0.786,0.799,0.786,0.798,4506600,3591981,,
2021-12-22,0.795,0.797,0.792,0.795,2092400,1662653,,
2021-12-23,0.795,0.8,0.793,0.799,3347300,2667205,,
2021-12-24,0.795,0.796,0.791,0.793,1874000,1488841,,
2021-12-27,0.796,0.799,0.795,0.797,154700,123302,,
2021-12-28,0.796,0.796,0.788,0.791,2826300,2235226,,
2021-12-29,0.786,0.791,0.786,0.788,5729000,4513963,,
2021-12-30,0.785,0.792,0.785,0.789,4002400,3162414,,
2021-12-31,0.792,0.796,0.792,0.795,7069300,5618188,,
2022-01-04,0.795,0.81,0.795,0.809,5666200,4554650,,
2022-01-05,0.809,0.814,0.806,0.812,5776600,4680417,,
2022-01-06,0.812,0.819,0.812,0.818,4752700,3874935,,
2022-01-07,0.82,0.83,0.82,0.825,4958800,4098879,,
2022-01-10,0.825,0.83,0.822,0.829,6907600,5700940,,
2022-01-11,0.832,0.839,0.828,0.832,5006400,4172809,,
2022-01-12,0.831,0.831,0.82,0.827,2731500,2256175,,
2022-01-13,0.826,0.839,0.823,0.835,8379900,6955922,,
2022-01-14,0.838,0.838,0.809,0.81,11869800,9640210,,
2022-01-17,0.81,0.815,0.795,0.813,4534500,3679809,,
2022-01-18,0.813,0.824,0.808,0.82,6353700,5202852,,
2022-01-19,0.822,0.836,0.822,0.835,9711700,8064367,,
2022-01-20,0.835,0.837,0.826,0.829,6580300,5464610,,
2022-01-21,0.829,0.829,0.819,0.821,6496500,5337031,,
2022-01-24,0.825,0.827,0.812,0.822,5914300,4866505,,
2022-01-25,0.817,0.818,0.8,0.8,3661600,2959647,,
2022-01-26,0.8,0.808,0.796,0.806,5517600,4438763,,
2022-01-27,0.804,0.807,0.797,0.797,6918600,5546249,,
2022-01-28,0.797,0.8,0.79,0.791,5865500,4655911,,
2022-02-07,0.791,0.813,0.791,0.811,4029300,3256962,,
2022-02-08,0.811,0.83,0.811,0.83,8644000,7081855,,
2022-02-09,0.83,0.84,0.83,0.834,5827700,4864032,,
2022-02-10,0.835,0.846,0.83,0.845,8534900,7132156,,
2022-02-11,0.847,0.855,0.846,0.848,11908000,10158223,,
2022-02-14,0.848,0.882,0.827,0.831,5814680,4848723,,
2022-02-15,0.831,0.831,0.82,0.824,7394300,6091340,,
2022-02-16,0.827,0.834,0.827,0.834,4501900,3742594,,
2022-02-17,0.834,0.839,0.828,0.83,5606100,4658636,,
2022-02-18,0.83,0.85,0.826,0.85,10950700,9237626,,
2022-02-21,0.848,0.852,0.839,0.85,8715300,7365648,,
2022-02-22,0.852,0.852,0.836,0.843,14540400,12235167,,
2022-02-23,0.843,0.844,0.831,0.838,13401700,11175961,,
2022-02-24,0.834,0.834,0.812,0.82,10822700,8961625,,
2022-02-25,0.82,0.827,0.813,0.817,9602066,7858054,,
2022-02-28,0.809,0.822,0.809,0.818,13368200,10868534,,
2022-03-01,0.818,0.827,0.816,0.827,13945400,11444488,,
2022-03-02,0.83,0.834,0.823,0.834,15497500,12848877,,
2022-03-03,0.835,0.847,0.835,0.843,13059800,11004791,,
2022-03-04,0.844,0.844,0.831,0.836,14959000,12534967,,
2022-03-07,0.836,0.843,0.828,0.832,10242900,8552032,,
2022-03-08,0.832,0.832,0.804,0.806,12639400,10275986,,
2022-03-09,0.805,0.812,0.774,0.796,16468200,13211570,,
2022-03-10,0.812,0.818,0.794,0.804,12553200,10096545,,
2022-03-11,0.78,0.81,0.78,0.806,13630698,10840246,,
2022-03-14,0.8,0.811,0.791,0.792,13145600,10562127,,
2022-03-15,0.793,0.793,0.746,0.747,11707800,8962502,,
2022-03-16,0.749,0.769,0.733,0.763,14874400,11155737,,
2022-03-17,0.77,0.783,0.764,0.773,15400200,11953846,,
2022-03-18,0.77,0.796,0.77,0.796,22159300,17412880,,
2022-03-21,0.804,0.804,0.785,0.792,10628700,8402847,,
2022-03-22,0.788,0.809,0.788,0.804,13562700,10885865,,
2022-03-23,0.804,0.81,0.797,0.805,16606000,13333128,,
2022-03-24,0.805,0.808,0.8,0.803,11630800,9357475,,
2022-03-25,0.803,0.811,0.798,0.803,12299700,9924082,,
2022-03-28,0.803,0.824,0.796,0.823,19904100,16206069,,
2022-03-29,0.821,0.821,0.813,0.819,17471200,14265778,,
2022-03-30,0.819,0.829,0.816,0.827,13909600,11436209,,
2022-03-31,0.83,0.847,0.829,0.842,23709300,19902685,,
2022-04-01,0.839,0.857,0.834,0.855,18996400,16028742,,
2022-04-06,0.855,0.872,0.853,0.869,21107066,18195586,,
2022-04-07,0.868,0.869,0.85,0.852,32767200,28223343,,
2022-04-08,0.852,0.868,0.85,0.866,20377900,17468310,,
2022-04-11,0.864,0.864,0.851,0.859,23875500,20495260,,
2022-04-12,0.853,0.859,0.845,0.851,31450500,26776171,,
2022-04-13,0.846,0.858,0.844,0.849,22837600,19395727,,
2022-04-14,0.844,0.865,0.844,0.862,20868900,17790327,,
2022-04-15,0.864,0.868,0.854,0.858,20120700,17346855,,
2022-04-18,0.858,0.858,0.842,0.844,23168800,19656102,,
2022-04-19,0.844,0.855,0.837,0.853,18297300,15484273,,
2022-04-20,0.85,0.86,0.831,0.835,24113900,20301524,,
2022-04-21,0.84,0.84,0.816,0.819,28617500,23757466,,
2022-04-22,0.82,0.836,0.808,0.832,21703000,17984026,,
2022-04-25,0.827,0.829,0.798,0.799,27955300,22804721,,
2022-04-26,0.796,0.813,0.793,0.799,23286900,18723080,,
2022-04-27,0.797,0.805,0.784,0.803,24417100,19312870,,
2022-04-28,0.798,0.82,0.798,0.82,24540800,19892351,,
2022-04-29,0.82,0.834,0.81,0.833,22639400,18531199,,
2022-05-05,0.833,0.837,0.824,0.833,20837000,17280936,,
2022-05-06,0.823,0.823,0.808,0.811,20830200,16985278,,
2022-05-09,0.8,0.816,0.796,0.815,20823700,16867288,,
2022-05-10,0.809,0.823,0.797,0.823,24373500,19754509,,
2022-05-11,0.817,0.829,0.817,0.824,22007500,18157499,,
2022-05-12,0.815,0.829,0.815,0.822,34109900,28088635,,
2022-05-13,0.822,0.839,0.822,0.837,62219700,51823935,,
2022-05-16,0.843,0.846,0.836,0.844,23479200,19750381,,
2022-05-17,0.844,0.844,0.829,0.836,24426800,20386365,,
2022-05-18,0.836,0.838,0.829,0.832,20420100,17003529,,
2022-05-19,0.82,0.838,0.82,0.837,25594400,21254294,,
2022-05-20,0.837,0.842,0.833,0.84,25723600,21594835,,
2022-05-23,0.84,0.843,0.833,0.834,22429100,18786154,,
2022-05-24,0.834,0.838,0.818,0.819,23100600,19105287,,
2022-05-25,0.818,0.832,0.814,0.832,21439900,17717395,,
2022-05-26,0.835,0.843,0.833,0.841,21248200,17808005,,
2022-05-27,0.841,0.847,0.839,0.845,23343100,19700098,,
2022-05-30,0.846,0.85,0.841,0.846,26257900,22193261,,
2022-05-31,0.846,0.846,0.839,0.844,22862500,19241748,,
2022-06-01,0.84,0.847,0.839,0.845,19487900,16435347,,
2022-06-02,0.846,0.846,0.835,0.839,21297100,17825174,,
2022-06-06,0.838,0.838,0.827,0.838,23147200,19265005,,
2022-06-07,0.839,0.841,0.833,0.839,19513700,16349359,,
2022-06-08,0.835,0.847,0.833,0.844,26806600,22498070,,
2022-06-09,0.844,0.853,0.843,0.847,25235800,21396721,,
2022-06-10,0.844,0.851,0.841,0.849,21280200,17995540,,
2022-06-13,0.848,0.848,0.829,0.835,26295300,21954197,,
2022-06-14,0.831,0.847,0.828,0.846,25711700,21474581,,
2022-06-15,0.846,0.861,0.843,0.852,33672300,28824181,,
2022-06-16,0.851,0.853,0.836,0.839,31459200,26538944,,
2022-06-17,0.838,0.838,0.827,0.836,27446500,22834266,,
2022-06-20,0.836,0.836,0.83,0.833,21311700,17751630,,
2022-06-21,0.833,0.842,0.832,0.836,36593000,30703195,,
2022-06-22,0.836,0.836,0.823,0.825,21442900,17794721,,
2022-06-23,0.828,0.83,0.819,0.828,24206900,19986902,,
2022-06-24,0.828,0.831,0.823,0.825,25477300,21043708,,
2022-06-27,0.825,0.837,0.825,0.835,23314800,19450520,,
2022-06-28,0.834,0.839,0.832,0.839,20863900,17424468,,
2022-06-29,0.84,0.851,0.833,0.845,28553600,24169127,,
2022-06-30,0.845,0.851,0.843,0.848,26141000,22160809,,
2022-07-01,0.85,0.854,0.841,0.848,26359400,22385339,,
2022-07-04,0.849,0.849,0.842,0.847,24690200,20835650,,
2022-07-05,0.842,0.852,0.842,0.85,29014500,24615080,,
2022-07-06,0.849,0.849,0.827,0.832,26443000,22013440,,
2022-07-07,0.831,0.835,0.829,0.834,18263000,15203153,,
2022-07-08,0.836,0.837,0.832,0.834,21604700,18035789,,
2022-07-11,0.834,0.835,0.824,0.829,20844100,17304635,,
2022-07-12,0.832,0.842,0.831,0.836,25971000,21773245,,
2022-07-13,0.836,0.839,0.832,0.836,18525700,15491983,,
2022-07-14,0.836,0.836,0.821,0.822,29149300,23998471,,
2022-07-15,0.824,0.824,0.808,0.81,24620500,20128827,,
2022-07-18,0.807,0.827,0.807,0.826,24419200,20142730,,
2022-07-19,0.826,0.83,0.824,0.827,20474700,16918435,,
2022-07-20,0.827,0.831,0.827,0.831,20148800,16713584,,
2022-07-21,0.828,0.828,0.815,0.818,22876800,18736637,,
2022-07-22,0.818,0.822,0.81,0.815,19020700,15486321,,
2022-07-25,0.814,0.82,0.814,0.816,17908000,14625207,,
2022-07-26,0.816,0.828,0.814,0.825,21201100,17465647,,
2022-07-27,0.825,0.826,0.821,0.822,17778200,14634656,,
2022-07-28,0.823,0.828,0.823,0.824,22941000,18943899,,
2022-07-29,0.825,0.828,0.817,0.817,21571000,17725583,,
2022-08-01,0.817,0.82,0.812,0.817,18327200,14951087,,
2022-08-02,0.81,0.816,0.794,0.801,29541200,23628298,,
2022-08-03,0.801,0.807,0.789,0.79,23734100,18923266,,
2022-08-04,0.791,0.796,0.788,0.795,22353800,17706915,,
2022-08-05,0.796,0.799,0.791,0.799,22926500,18190849,,
2022-08-08,0.799,0.809,0.799,0.807,20768900,16737536,,
2022-08-09,0.807,0.811,0.805,0.811,19949400,16111099,,
2022-08-10,0.811,0.811,0.805,0.808,19349400,15616143,,
2022-08-11,0.807,0.817,0.807,0.816,25348100,20656159,,
2022-08-12,0.815,0.824,0.815,0.823,19920300,16349645,,
2022-08-15,0.821,0.827,0.821,0.823,25675000,21149142,,
2022-08-16,0.819,0.827,0.819,0.825,38703600,31902379,,
2022-08-17,0.824,0.828,0.821,0.827,24617400,20312251,,
2022-08-18,0.826,0.827,0.818,0.821,21389800,17547032,,
2022-08-19,0.821,0.832,0.821,0.829,23680000,19597682,,
2022-08-22,0.832,0.835,0.828,0.833,19240000,15993089,,
2022-08-23,0.835,0.837,0.829,0.835,24267800,20204138,,
2022-08-24,0.839,0.839,0.827,0.828,21601300,18016859,,
2022-08-25,0.828,0.848,0.828,0.844,32876000,27596064,,
2022-08-26,0.846,0.85,0.841,0.844,29932500,25293430,,
2022-08-29,0.844,0.852,0.834,0.85,26093800,21941933,,
2022-08-30,0.851,0.855,0.844,0.852,23134000,19630916,,
2022-08-31,0.854,0.856,0.845,0.847,29381100,24910626,,
2022-09-01,0.848,0.864,0.846,0.854,30894900,26538974,,
2022-09-02,0.854,0.857,0.851,0.854,28252400,24126603,,
2022-09-05,0.854,0.871,0.854,0.869,27253900,23532675,,
2022-09-06,0.874,0.881,0.869,0.88,27186600,23831790,,
2022-09-07,0.88,0.882,0.874,0.882,28139600,24727548,,
2022-09-08,0.881,0.886,0.874,0.883,24069500,21191156,,
2022-09-09,0.883,0.895,0.882,0.894,26590000,23680107,,
2022-09-13,0.894,0.896,0.887,0.889,25937500,23120043,,
2022-09-14,0.889,0.889,0.879,0.88,25595800,22622278,,
2022-09-15,0.881,0.893,0.876,0.889,34694400,30827536,,
2022-09-16,0.89,0.89,0.861,0.861,29424100,25726065,,
2022-09-19,0.859,0.863,0.853,0.86,30204200,25936984,,
2022-09-20,0.859,0.864,0.853,0.855,24743300,21227170,,
2022-09-21,0.849,0.866,0.848,0.864,25472000,21833561,,
2022-09-22,0.862,0.862,0.854,0.86,25537000,21880085,,
2022-09-23,0.855,0.865,0.85,0.852,28587500,24482918,,
2022-09-26,0.845,0.853,0.836,0.838,28690800,24295674,,
2022-09-27,0.834,0.846,0.829,0.845,26084900,21808980,,
2022-09-28,0.845,0.847,0.839,0.84,25274200,21280574,,
2022-09-29,0.841,0.846,0.828,0.832,25634200,21492088,,
2022-09-30,0.829,0.843,0.829,0.835,26836700,22410816,,
2022-10-10,0.835,0.852,0.835,0.842,22958300,19427006,,
2022-10-11,0.841,0.842,0.83,0.838,22894000,19121218,,
2022-10-12,0.837,0.849,0.831,0.845,28652700,23942910,,
2022-10-13,0.849,0.849,0.831,0.846,23680500,19808960,,
2022-10-14,0.844,0.851,0.841,0.847,24204900,20496396,,
2022-10-17,0.84,0.845,0.833,0.843,23105500,19388143,,
2022-10-18,0.846,0.847,0.837,0.841,21322100,17975103,,
2022-10-19,0.84,0.844,0.835,0.836,25626100,21527153,,
2022-10-20,0.834,0.836,0.829,0.83,22315800,18559920,,
2022-10-21,0.827,0.839,0.827,0.833,25298900,21150276,,
2022-10-24,0.825,0.833,0.811,0.815,24592900,20244311,,
2022-10-25,0.814,0.816,0.804,0.809,21674100,17542033,,
2022-10-26,0.813,0.813,0.8,0.803,22992500,18570110,,
2022-10-27,0.803,0.811,0.803,0.806,21519400,17408461,,
2022-10-28,0.808,0.808,0.791,0.792,25057600,20069714,,
2022-10-31,0.793,0.793,0.771,0.772,25649500,19981455,,
2022-11-01,0.772,0.78,0.768,0.78,24576400,18999010,,
2022-11-02,0.779,0.793,0.778,0.791,25471400,19989865,,
2022-11-03,0.79,0.79,0.781,0.785,21442000,16824857,,
2022-11-04,0.785,0.8,0.785,0.795,26245600,20835599,,
2022-11-07,0.797,0.803,0.794,0.802,38260600,30561413,,
2022-11-08,0.801,0.804,0.798,0.8,15380100,12311689,,
2022-11-09,0.8,0.809,0.799,0.801,13927300,11190716,,
2022-11-10,0.8,0.802,0.791,0.801,26304200,20968855,,
2022-11-11,0.803,0.828,0.803,0.824,27078200,22117485,,
2022-11-14,0.823,0.836,0.818,0.818,23224700,19195596,,
2022-11-15,0.818,0.824,0.815,0.824,19903400,16346161,,
2022-11-16,0.824,0.824,0.82,0.821,25455700,20942308,,
2022-11-17,0.821,0.821,0.814,0.819,17253200,14132344,,
2022-11-18,0.818,0.821,0.815,0.816,16928300,13841452,,
2022-11-21,0.816,0.816,0.805,0.81,20422700,16491233,,
2022-11-22,0.81,0.826,0.81,0.819,27364100,22344767,,
2022-11-23,0.823,0.832,0.819,0.827,26102100,21575298,,
2022-11-24,0.828,0.832,0.826,0.829,21000200,17419177,,
2022-11-25,0.83,0.849,0.83,0.849,25750900,21624949,,
2022-11-28,0.84,0.841,0.83,0.84,22410000,18741076,,
2022-11-29,0.841,0.866,0.841,0.864,22387900,19186355,,
2022-11-30,0.86,0.876,0.86,0.864,25029900,21784724,,
2022-12-01,0.862,0.871,0.856,0.858,33129400,28601869,,
2022-12-02,0.855,0.858,0.846,0.851,21132600,17932283,,
2022-12-05,0.85,0.868,0.85,0.866,17791800,15345348,,
2022-12-06,0.862,0.866,0.858,0.861,19701800,16993909,,
2022-12-07,0.86,0.863,0.85,0.856,20778200,17788925,,
2022-12-08,0.855,0.863,0.854,0.861,42788900,36796861,,
2022-12-09,0.864,0.864,0.854,0.857,21030800,18028303,,
2022-12-12,0.85,0.852,0.836,0.84,42658100,36007111,,
2022-12-13,0.84,0.845,0.838,0.843,15077100,12696825,,
2022-12-14,0.843,0.843,0.837,0.839,14879100,12492092,,
2022-12-15,0.84,0.842,0.83,0.832,15336300,12780667,,
2022-12-16,0.831,0.843,0.831,0.838,17311500,14514921,,
2022-12-19,0.839,0.84,0.822,0.826,15774900,13102203,,
2022-12-20,0.825,0.825,0.814,0.818,14218700,11687940,,
2022-12-21,0.819,0.822,0.816,0.818,14244700,11673779,,
2022-12-22,0.82,0.825,0.809,0.814,14507800,11895733,,
2022-12-23,0.811,0.814,0.806,0.809,13546200,10978801,,
2022-12-26,0.81,0.81,0.807,0.809,13959700,11274978,,
2022-12-27,0.81,0.821,0.808,0.819,15836200,12925315,,
2022-12-28,0.82,0.821,0.813,0.818,14400600,11781608,,
2022-12-29,0.817,0.817,0.811,0.814,14078200,11456675,,
2022-12-30,0.814,0.82,0.812,0.818,13526400,11035610,,
2023-01-03,0.819,0.822,0.815,0.822,19966900,16350965,,
2023-01-04,0.822,0.829,0.82,0.827,19751100,16300242,,
2023-01-05,0.827,0.829,0.825,0.826,18602300,15382793,,
2023-01-06,0.827,0.828,0.824,0.827,16133000,13314731,,
2023-01-09,0.826,0.829,0.825,0.826,17854800,14770688,,
2023-01-10,0.825,0.825,0.819,0.82,20614300,16938099,,
2023-01-11,0.82,0.827,0.818,0.824,20944300,17252663,,
2023-01-12,0.823,0.823,0.819,0.822,19037200,15633762,,
2023-01-13,0.823,0.831,0.822,0.831,27615400,22827478,,
2023-01-16,0.83,0.836,0.828,0.832,20966400,17439802,,
2023-01-17,0.832,0.832,0.827,0.83,22676700,18818043,,
2023-01-18,0.83,0.835,0.83,0.834,22444600,18687376,,
2023-01-19,0.834,0.837,0.83,0.837,17043500,14181875,,
2023-01-20,0.837,0.846,0.837,0.845,21455200,18052037,,
2023-01-30,0.848,0.852,0.84,0.84,23198800,19614394,,
2023-01-31,0.841,0.846,0.84,0.844,21937800,18503144,,
2023-02-01,0.845,0.849,0.841,0.849,31105421,26288240,,
2023-02-02,0.85,0.85,0.845,0.848,28999161,24600249,,
2023-02-03,0.848,0.849,0.838,0.843,37443847,31494705,,
2023-02-06,0.843,0.843,0.836,0.84,28783805,24163960,,
2023-02-07,0.842,0.845,0.84,0.843,24987760,21056650,,
2023-02-08,0.85,0.85,0.839,0.84,20771200,17487996,,
2023-02-09,0.835,0.847,0.835,0.847,21034000,17733478,,
2023-02-10,0.846,0.851,0.844,0.851,22943000,19433661,,
2023-02-13,0.85,0.854,0.846,0.854,17219000,14627439,,
2023-02-14,0.854,0.858,0.853,0.857,18837600,16135523,,
2023-02-15,0.857,0.86,0.854,0.855,14357400,12290463,,
2023-02-16,0.855,0.865,0.848,0.852,23898900,20581726,,
2023-02-17,0.851,0.855,0.848,0.849,14273600,12160591,,
2023-02-20,0.848,0.869,0.848,0.867,25667700,22082692,,
2023-02-21,0.865,0.878,0.865,0.876,15492800,13545136,,
2023-02-22,0.872,0.879,0.872,0.878,42835100,37561869,,
2023-02-23,0.882,0.882,0.872,0.874,39517600,34627842,,
2023-02-24,0.872,0.876,0.868,0.875,19206900,16768766,,
2023-02-27,0.876,0.876,0.869,0.871,20596800,17981144,,
2023-02-28,0.869,0.876,0.867,0.875,24179000,21051306,,
2023-03-01,0.873,0.882,0.873,0.88,20399400,17938931,,
2023-03-02,0.881,0.889,0.878,0.888,21976400,19448281,,
2023-03-03,0.888,0.896,0.886,0.895,18358610,16345236,,
2023-03-06,0.894,0.899,0.893,0.895,14128000,12653669,,
2023-03-07,0.895,0.906,0.891,0.892,14424500,12990120,,
2023-03-08,0.885,0.891,0.884,0.89,20412700,18115628,,
2023-03-09,0.889,0.893,0.886,0.889,16075600,14303204,,
2023-03-10,0.889,0.889,0.87,0.871,14530600,12771461,,
2023-03-13,0.867,0.884,0.867,0.883,14080300,12349660,,
2023-03-14,0.883,0.887,0.875,0.879,12997500,11451899,,
2023-03-15,0.881,0.895,0.881,0.893,14967400,13299485,,
2023-03-16,0.89,0.894,0.885,0.886,14733800,13107177,,
2023-03-17,0.887,0.902,0.887,0.9,16939500,15179517,,
2023-03-20,0.896,0.908,0.894,0.894,20310190,18335311,,
2023-03-21,0.892,0.898,0.886,0.892,13858190,12361402,,
2023-03-22,0.891,0.897,0.889,0.897,14801600,13223521,,
2023-03-23,0.895,0.897,0.89,0.897,10668300,9524551,,
2023-03-24,0.897,0.897,0.888,0.89,13408000,11954707,,
2023-03-27,0.891,0.891,0.877,0.883,14798600,13038644,,
2023-03-28,0.88,0.89,0.879,0.886,9423200,8336373,,
2023-03-29,0.886,0.886,0.878,0.881,11719000,10328962,,
2023-03-30,0.883,0.886,0.875,0.883,15417100,13581759,,
2023-03-31,0.883,0.89,0.883,0.887,20659900,18330738,,
2023-04-03,0.889,0.897,0.888,0.896,14066800,12556938,,
2023-04-04,0.896,0.903,0.894,0.902,27347800,24624501,,
2023-04-06,0.902,0.902,0.893,0.896,14091400,12632732,,
2023-04-07,0.896,0.896,0.89,0.893,22728700,20275574,,
2023-04-10,0.893,0.896,0.892,0.892,23758500,21234989,,
2023-04-11,0.892,0.904,0.892,0.904,24740800,22214504,,
2023-04-12,0.905,0.922,0.904,0.922,34062100,31222453,,
2023-04-13,0.923,0.927,0.918,0.923,57435500,53034519,,
2023-04-14,0.923,0.926,0.913,0.919,26930900,24739212,,
2023-04-17,0.919,0.931,0.915,0.929,51342100,47489939,,
2023-04-18,0.929,0.934,0.925,0.932,94598100,88068396,,
2023-04-19,0.932,0.939,0.931,0.934,47643512,44566709,,
2023-04-20,0.934,0.941,0.929,0.941,63798800,59660171,,
2023-04-21,0.941,0.947,0.927,0.928,70279800,65697848,,
2023-04-24,0.929,0.937,0.924,0.93,46981400,43685390,,
2023-04-25,0.925,0.937,0.921,0.936,52126100,48529376,,
2023-04-26,0.932,0.943,0.92,0.938,49667400,46305493,,
2023-04-27,0.935,0.946,0.934,0.94,41299000,38792472,,
2023-04-28,0.94,0.962,0.935,0.96,57039600,54320439,,
2023-05-04,0.961,0.99,0.955,0.989,127859100,124689459,,
2023-05-05,0.988,1.002,0.978,0.984,132697700,130994596,,
2023-05-08,0.985,1.016,0.982,1.011,114056200,114437225,,
2023-05-09,1.011,1.022,0.996,0.998,82684800,83338701,,
2023-05-10,0.995,0.997,0.97,0.973,210698500,206301276,,
2023-05-11,0.972,0.991,0.966,0.98,157955400,154202186,,
2023-05-12,0.972,0.977,0.96,0.963,66638900,64488985,,
2023-05-15,0.959,0.963,0.936,0.959,150886050,143191555,,
2023-05-16,0.953,0.963,0.945,0.947,52063600,49640334,,
2023-05-17,0.944,0.951,0.941,0.946,36277600,34336444,,
2023-05-18,0.949,0.964,0.945,0.956,87652900,83920710,,
2023-05-19,0.952,0.954,0.939,0.941,95282800,89975531,,
2023-05-22,0.939,0.944,0.935,0.939,33187800,31207235,,
2023-05-23,0.941,0.942,0.925,0.926,57435400,53582599,,
2023-05-24,0.924,0.924,0.91,0.913,61014800,55853172,,
2023-05-25,0.912,0.914,0.897,0.907,45497800,41197021,,
2023-05-26,0.905,0.925,0.904,0.922,59341800,54343559,,
2023-05-29,0.926,0.931,0.921,0.924,54170800,50079666,,
2023-05-30,0.921,0.933,0.917,0.931,56520000,52327178,,
2023-05-31,0.928,0.931,0.92,0.923,39365500,36401508,,
2023-06-01,0.918,0.934,0.918,0.927,59408200,55092571,,
2023-06-02,0.933,0.933,0.925,0.927,31957000,29650879,,
2023-06-05,0.93,0.941,0.927,0.939,48766400,45641097,,
2023-06-06,0.939,0.947,0.93,0.931,38253900,35936272,,
2023-06-07,0.931,0.942,0.93,0.941,31140900,29208635,,
2023-06-08,0.941,0.948,0.932,0.946,223348600,210968335,,
2023-06-09,0.947,0.952,0.944,0.949,110845700,105325728,,
2023-06-12,0.949,0.952,0.935,0.94,111599500,105105353,,
2023-06-13,0.938,0.941,0.934,0.938,61087500,57286092,,
2023-06-14,0.936,0.946,0.93,0.931,263671500,246241381,,
2023-06-15,0.931,0.936,0.93,0.933,60989300,56911235,,
2023-06-16,0.935,0.939,0.932,0.933,49332000,46176072,,
2023-06-19,0.933,0.934,0.917,0.918,121365600,111824854,,
2023-06-20,0.916,0.919,0.909,0.912,54329800,49652525,,
2023-06-21,0.911,0.915,0.903,0.906,67124900,61121242,,
2023-06-26,0.898,0.902,0.884,0.887,47153300,42034381,,
2023-06-27,0.887,0.908,0.885,0.905,70317800,63387070,,
2023-06-28,0.905,0.91,0.9,0.909,65774500,59631220,,
2023-06-29,0.91,0.911,0.904,0.906,37542700,34021244,,
2023-06-30,0.906,0.914,0.905,0.911,23135800,21065761,,
2023-07-03,0.912,0.925,0.911,0.922,31908200,29270993,,
2023-07-04,0.922,0.924,0.915,0.921,68317200,62908105,,
2023-07-05,0.921,0.922,0.916,0.919,31645300,29061843,,
2023-07-06,0.919,0.923,0.913,0.916,34019900,31245590,,
2023-07-07,0.913,0.922,0.912,0.918,52749400,48372160,,
2023-07-10,0.922,0.923,0.917,0.92,34329900,31549732,,
2023-07-11,0.92,0.925,0.917,0.921,37112300,34226198,,
2023-07-12,0.922,0.93,0.92,0.922,77035500,71370176,,
2023-07-13,0.924,0.934,0.921,0.933,27249700,25306011,,
2023-07-14,0.934,0.939,0.932,0.937,45450900,42539162,,
2023-07-17,0.935,0.935,0.925,0.93,45806300,42490229,,
2023-07-18,0.93,0.931,0.925,0.928,22583700,20939392,,
2023-07-19,0.929,0.936,0.929,0.935,47953600,44749232,,
2023-07-20,0.938,0.939,0.928,0.929,30769900,28755517,,
2023-07-21,0.927,0.932,0.925,0.928,34500900,32027508,,
2023-07-24,0.931,0.933,0.925,0.93,45188600,41982244,,
2023-07-25,0.935,0.949,0.934,0.947,56648000,53487453,,
2023-07-26,0.947,0.949,0.941,0.945,174802700,165180032,,
2023-07-27,0.945,0.956,0.943,0.947,76667500,72777738,,
2023-07-28,0.946,0.964,0.943,0.963,80566000,77015806,,
2023-07-31,0.966,0.975,0.964,0.969,111166000,107782491,,
2023-08-01,0.969,0.976,0.967,0.969,51298800,49820690,,
2023-08-02,0.97,0.97,0.955,0.959,53100600,51069773,,
2023-08-03,0.958,0.964,0.952,0.961,59619700,57174595,,
2023-08-04,0.968,0.971,0.962,0.962,67518900,65241730,,
2023-08-07,0.962,0.962,0.952,0.953,46922500,44789264,,
2023-08-08,0.952,0.959,0.952,0.957,45430100,43406932,,
2023-08-09,0.955,0.956,0.947,0.95,51551300,49045550,,
2023-08-10,0.951,0.955,0.947,0.95,36905900,35055164,,
2023-08-11,0.951,0.953,0.937,0.94,94615900,89262111,,
2023-08-14,0.932,0.94,0.924,0.938,72902000,67872057,,
2023-08-15,0.938,0.945,0.934,0.944,153177100,144019399,,
2023-08-16,0.942,0.943,0.933,0.939,58843400,55123046,,
2023-08-17,0.935,0.939,0.93,0.938,108615600,101403382,,
2023-08-18,0.937,0.946,0.934,0.936,58537000,54993112,,
2023-08-21,0.936,0.939,0.928,0.929,49249700,45941852,,
2023-08-22,0.93,0.942,0.928,0.942,51170400,47770632,,
2023-08-23,0.936,0.947,0.935,0.939,72641600,68467408,,
2023-08-24,0.941,0.943,0.932,0.935,96600800,90512057,,
2023-08-25,0.932,0.939,0.929,0.934,91184400,85223513,,
2023-08-28,0.97,0.976,0.942,0.945,74104054,70776012,,
2023-08-29,0.945,0.948,0.939,0.946,90547500,85407838,,
2023-08-30,0.947,0.947,0.936,0.937,110785300,104216745,,
2023-08-31,0.937,0.94,0.929,0.932,69803600,65078988,,
2023-09-01,0.932,0.939,0.932,0.937,40973700,38362318,,
2023-09-04,0.938,0.957,0.938,0.956,94763945,90209293,,
2023-09-05,0.955,0.955,0.944,0.947,82034800,77711678,,
2023-09-06,0.946,0.946,0.94,0.943,79733000,75239255,,
2023-09-07,0.945,0.948,0.94,0.942,70345500,66410166,,
2023-09-08,0.941,0.942,0.932,0.938,67345000,63037400,,
2023-09-11,0.937,0.945,0.936,0.944,60597300,57061870,,
2023-09-12,0.944,0.944,0.94,0.942,40994400,38600460,,
2023-09-13,0.941,0.949,0.94,0.943,95348600,90024578,,
2023-09-14,0.945,0.952,0.942,0.949,104841800,99492663,,
2023-09-15,0.951,0.96,0.948,0.95,114940203,109545386,,
2023-09-18,0.948,0.952,0.942,0.95,75206100,71259045,,
2023-09-19,0.949,0.958,0.949,0.955,83398100,79615997,,
2023-09-20,0.954,0.962,0.952,0.961,239619600,230032459,,
2023-09-21,0.958,0.961,0.952,0.953,91077300,86948938,,
2023-09-22,0.95,0.96,0.949,0.958,158746700,151947807,,
2023-09-25,0.959,0.962,0.956,0.958,74407900,71296330,,
2023-09-26,0.958,0.959,0.953,0.956,69390000,66260818,,
2023-09-27,0.955,0.958,0.951,0.953,87152500,83101058,,
2023-09-28,0.953,0.955,0.95,0.952,65030800,61935957,,
2023-10-09,0.948,0.95,0.937,0.949,98570500,93279781,,
2023-10-10,0.95,0.951,0.936,0.936,91447200,86012864,,
2023-10-11,0.939,0.941,0.935,0.936,79369300,74433228,,
2023-10-12,0.94,0.948,0.938,0.948,121403800,114738416,,
2023-10-13,0.941,0.949,0.941,0.947,70311500,66517308,,
2023-10-16,0.946,0.951,0.942,0.951,55298500,52402390,,
2023-10-17,0.95,0.958,0.95,0.956,76763100,73206654,,
2023-10-18,0.957,0.957,0.949,0.951,78870000,75142475,,
2023-10-19,0.948,0.948,0.931,0.931,108734800,101975155,,
2023-10-20,0.928,0.936,0.925,0.934,91377300,84896424,,
2023-10-23,0.927,0.927,0.907,0.915,142371300,130357851,,
2023-10-24,0.916,0.922,0.912,0.92,68515500,62871585,,
2023-10-25,0.925,0.935,0.925,0.931,71895900,66926997,,
2023-10-26,0.927,0.934,0.925,0.934,77947300,72438882,,
2023-10-27,0.933,0.94,0.932,0.938,66501700,62284994,,
2023-10-30,0.935,0.935,0.919,0.922,249434300,230000998,,
2023-10-31,0.92,0.923,0.917,0.922,60081210,55246506,,
2023-11-01,0.922,0.924,0.917,0.923,77569700,71375321,,
2023-11-02,0.922,0.929,0.921,0.925,63209000,58570289,,
2023-11-03,0.924,0.926,0.918,0.919,84396300,77841026,,
2023-11-06,0.92,0.922,0.914,0.917,135604333,124215565,,
2023-11-07,0.916,0.92,0.912,0.919,141298933,129469864,,
2023-11-08,0.918,0.922,0.916,0.919,113870600,104684711,,
2023-11-09,0.918,0.924,0.917,0.921,73845800,68054558,,
2023-11-10,0.92,0.92,0.911,0.916,82210900,75121956,,
2023-11-13,0.916,0.919,0.912,0.919,56576900,51785496,,
2023-11-14,0.919,0.921,0.916,0.92,112955300,103795834,,
2023-11-15,0.922,0.927,0.922,0.927,59919900,55427319,,
2023-11-16,0.925,0.929,0.922,0.926,151608100,140436731,,
2023-11-17,0.925,0.926,0.92,0.924,40032400,36939057,,
2023-11-20,0.925,0.928,0.92,0.928,69736500,64422813,,
2023-11-21,0.927,0.935,0.926,0.931,122288400,113898784,,
2023-11-22,0.928,0.935,0.927,0.927,94210400,87755009,,
2023-11-23,0.926,0.934,0.924,0.933,69600700,64708636,,
2023-11-24,0.932,0.935,0.929,0.933,56193700,52403771,,
2023-11-27,0.931,0.932,0.921,0.926,66034900,61054434,,
2023-11-28,0.926,0.926,0.92,0.926,57718900,53219871,,
2023-11-29,0.926,0.926,0.917,0.919,68380400,62914992,,
2023-11-30,0.917,0.921,0.917,0.921,57715700,53065209,,
2023-12-01,0.92,0.933,0.92,0.932,84063900,77696795,,
2023-12-04,0.928,0.931,0.926,0.928,95019500,88187538,,
2023-12-05,0.927,0.928,0.913,0.916,164449500,151349188,,
2023-12-06,0.912,0.916,0.903,0.913,73746300,67141240,,
2023-12-07,0.911,0.914,0.906,0.912,70369500,64072473,,
2023-12-08,0.912,0.916,0.909,0.911,75278800,68679890,,
2023-12-11,0.909,0.922,0.896,0.92,92338600,83899041,,
2023-12-12,0.921,0.926,0.914,0.925,71524300,65910713,,
2023-12-13,0.922,0.926,0.918,0.919,89779500,82802071,,
2023-12-14,0.919,0.923,0.915,0.918,42539400,39070096,,
2023-12-15,0.917,0.92,0.91,0.913,45673500,41822306,,
2023-12-18,0.91,0.917,0.908,0.912,43397400,39630782,,
2023-12-19,0.912,0.913,0.906,0.911,58592100,53236103,,
2023-12-20,0.91,0.919,0.908,0.908,62892900,57474975,,
2023-12-21,0.908,0.908,0.898,0.906,70316301,63482546,,
2023-12-22,0.904,0.913,0.904,0.907,75791900,68894121,,
2023-12-25,0.908,0.908,0.899,0.906,58164100,52481373,,
2023-12-26,0.906,0.914,0.905,0.905,166332800,151168600,,
2023-12-27,0.904,0.913,0.902,0.912,65590400,59537127,,
2023-12-28,0.913,0.915,0.906,0.91,100304900,91240869,,
2023-12-29,0.909,0.915,0.907,0.914,92612000,84425199,,
2024-01-02,0.913,0.929,0.913,0.925,141884501,131143994,,
2024-01-03,0.922,0.937,0.921,0.935,567637100,529585551,,
2024-01-04,0.936,0.947,0.935,0.946,278701183,261813621,,
2024-01-05,0.949,0.96,0.94,0.947,783517288,746359431,,
2024-01-08,0.943,0.947,0.936,0.936,246627100,231885698,,
2024-01-09,0.935,0.945,0.93,0.943,173229083,162828435,,
2024-01-10,0.941,0.944,0.937,0.938,100632800,94498201,,
2024-01-11,0.936,0.939,0.929,0.93,287675700,268919105,,
2024-01-12,0.928,0.94,0.926,0.934,106406700,99615845,,
2024-01-15,0.935,0.944,0.933,0.941,173559200,163275798,,
2024-01-16,0.941,0.95,0.937,0.947,224758700,212086182,,
2024-01-17,0.945,0.949,0.933,0.934,276428317,260738896,,
2024-01-18,0.936,0.936,0.902,0.928,313170900,286476169,,
2024-01-19,0.925,0.928,0.918,0.922,149426900,137855102,,
2024-01-22,0.922,0.922,0.887,0.898,357309600,322642492,,
2024-01-23,0.893,0.909,0.886,0.904,188893700,169461505,,
2024-01-24,0.904,0.926,0.904,0.925,184720800,168669913,,
2024-01-25,0.925,0.955,0.924,0.953,234244300,221174523,,
2024-01-26,0.953,0.97,0.951,0.969,251571800,242286810,,
2024-01-29,0.97,0.98,0.965,0.969,242062200,235178688,,
2024-01-30,0.965,0.972,0.956,0.962,209358600,201939137,,
2024-01-31,0.957,0.967,0.95,0.956,223721400,214327646,,
2024-02-01,0.955,0.955,0.941,0.946,131536596,124732931,,
2024-02-02,0.946,0.963,0.928,0.948,863419313,823611711,,
2024-02-05,0.943,0.953,0.925,0.95,396089045,372823125,,
2024-02-06,0.941,0.965,0.935,0.963,289365000,274264482,,
2024-02-07,0.963,0.98,0.952,0.974,317716793,306170100,,
2024-02-08,0.974,0.977,0.963,0.973,198823980,192948227,,
2024-02-19,0.974,0.998,0.965,0.996,256660574,253104484,,
2024-02-20,0.998,1.005,0.988,1.004,180241344,180271774,,
2024-02-21,0.997,1.021,0.995,1.009,364528300,369080675,,
2024-02-22,1.007,1.023,1.004,1.021,161907900,164198263,,
2024-02-23,1.019,1.034,1.018,1.023,150352900,153963830,,
2024-02-26,1.02,1.022,0.994,0.997,354345856,355989506,,
2024-02-27,0.996,1.007,0.993,1.004,157208000,157300565,,
2024-02-28,1.003,1.009,0.994,0.996,195959000,195993443,,
2024-02-29,0.995,1.005,0.989,1.004,139383300,139276901,,
2024-03-01,1.001,1.009,0.999,1.004,132019640,132488698,,
2024-03-04,1.004,1.009,0.997,1.009,152587000,153414670,,
2024-03-05,1.007,1.02,1.005,1.018,249595797,253294686,,
2024-03-06,1.016,1.027,1.015,1.018,130555717,133380450,,
2024-03-07,1.018,1.031,1.017,1.021,117557285,120420066,,
2024-03-08,1.023,1.029,1.015,1.027,203605400,208285120,,
2024-03-11,1.024,1.03,1.011,1.02,393351060,400100943,,
2024-03-12,1.016,1.018,0.992,0.995,446973756,446718498,,
2024-03-13,0.991,0.996,0.983,0.993,309578979,306341600,,
2024-03-14,0.991,1.0,0.987,0.996,157717840,157079677,,
2024-03-15,0.996,0.999,0.99,0.997,305321015,303159656,,
2024-03-18,0.997,0.998,0.991,0.998,148570484,147717797,,
2024-03-19,0.998,1.001,0.993,0.994,89734327,89576765,,
2024-03-20,0.995,1.002,0.988,1.0,112972923,112613479,,
2024-03-21,0.998,1.007,0.995,1.006,166084300,166565454,,
2024-03-22,1.004,1.006,0.993,1.001,135671142,135586183,,
2024-03-25,1.0,1.014,0.997,1.003,145267700,146454873,,
2024-03-26,1.003,1.005,0.993,1.004,135872200,135782315,,
2024-03-27,1.003,1.01,0.995,0.998,216256753,217488745,,
2024-03-28,0.998,1.005,0.994,1.0,114662200,114564426,,
2024-03-29,0.998,1.016,0.997,1.015,235091185,237165805,,
2024-04-01,1.014,1.024,1.011,1.015,139067100,140996886,,
2024-04-02,1.016,1.026,1.015,1.023,93586719,95569925,,
2024-04-03,1.025,1.033,1.018,1.033,496615900,511524207,,
2024-04-08,1.029,1.043,1.024,1.036,623706999,648350320,,
2024-04-09,1.033,1.042,1.025,1.029,119367700,123100147,,
2024-04-10,1.029,1.037,1.025,1.03,169305300,174815644,,
2024-04-11,1.029,1.047,1.025,1.043,230067900,239162681,,
2024-04-12,1.041,1.046,1.036,1.04,170372200,177393292,,
2024-04-15,1.041,1.065,1.037,1.063,326863900,345099426,,
2024-04-16,1.064,1.073,1.052,1.061,274218200,291494903,,
2024-04-17,1.061,1.083,1.053,1.082,373767000,398985930,,
2024-04-18,1.078,1.094,1.075,1.082,450503300,488259335,,
2024-04-19,1.074,1.091,1.074,1.084,277268715,300714397,,
2024-04-22,1.084,1.09,1.06,1.062,350065500,374306115,,
2024-04-23,1.056,1.058,1.042,1.046,361936600,379426908,,
2024-04-24,1.042,1.047,1.034,1.043,212862700,221337094,,
2024-04-25,1.043,1.053,1.039,1.052,187748500,196208643,,
2024-04-26,1.047,1.053,1.033,1.039,501346000,521061078,,
2024-04-29,1.035,1.038,1.028,1.036,1298328500,1341459682,,
2024-04-30,1.03,1.046,1.03,1.04,287741900,299249831,,
2024-05-06,1.042,1.048,1.036,1.047,223647600,233401708,,
2024-05-07,1.048,1.049,1.04,1.048,170470168,178177052,,
2024-05-08,1.044,1.059,1.044,1.053,263705700,278001163,,
2024-05-09,1.051,1.062,1.05,1.061,167503400,177121834,,
2024-05-10,1.06,1.068,1.057,1.066,212388000,225697861,,
2024-05-13,1.062,1.074,1.056,1.072,295128200,314964323,,
2024-05-14,1.068,1.071,1.061,1.068,195094836,208062307,,
2024-05-15,1.066,1.074,1.062,1.066,355927300,380773509,,
2024-05-16,1.068,1.073,1.065,1.068,176170200,188369649,,
2024-05-17,1.068,1.076,1.064,1.075,160550300,171623757,,
2024-05-20,1.076,1.09,1.075,1.087,244398300,264787735,,
2024-05-21,1.085,1.092,1.083,1.089,237160027,258122884,,
2024-05-22,1.089,1.098,1.086,1.088,198911300,217345031,,
2024-05-23,1.085,1.086,1.073,1.076,244922200,264150412,,
2024-05-24,1.074,1.088,1.073,1.076,248444500,268743346,,
2024-05-27,1.077,1.095,1.076,1.095,206687269,224944553,,
2024-05-28,1.095,1.097,1.086,1.09,252885992,276114733,,
2024-05-29,1.089,1.1,1.085,1.092,214528600,234452322,,
2024-05-30,1.087,1.098,1.08,1.083,203171998,221070445,,
2024-05-31,1.083,1.09,1.081,1.085,134578669,146100859,,
2024-06-03,1.084,1.084,1.066,1.071,186928423,200685204,,
2024-06-04,1.069,1.078,1.065,1.076,202314304,216997235,,
2024-06-05,1.076,1.077,1.059,1.06,207020800,220618544,,
2024-06-06,1.06,1.072,1.06,1.066,207464100,221129450,,
2024-06-07,1.065,1.075,1.064,1.075,196404600,210148037,,
2024-06-11,1.073,1.075,1.05,1.055,228203200,241559950,,
2024-06-12,1.053,1.068,1.049,1.066,165781600,175555751,,
2024-06-13,1.068,1.068,1.052,1.055,170231500,179959691,,
2024-06-14,1.054,1.061,1.052,1.058,132325600,139832503,,
2024-06-17,1.057,1.058,1.042,1.044,179082800,187566436,,
2024-06-18,1.043,1.049,1.037,1.047,178518800,186597608,,
2024-06-19,1.047,1.055,1.046,1.051,202981000,213395842,,
2024-06-20,1.05,1.054,1.045,1.05,140751100,147736846,,
2024-06-21,1.048,1.055,1.045,1.05,121423400,127462701,,
2024-06-24,1.048,1.048,1.031,1.036,145002069,150426564,,
2024-06-25,1.036,1.046,1.035,1.042,160087880,166564246,,
2024-06-26,1.04,1.048,1.035,1.047,193845800,201809850,,
2024-06-27,1.045,1.051,1.041,1.046,233963757,244788318,,
2024-06-28,1.046,1.062,1.043,1.059,327372598,345765258,,
2024-07-01,1.058,1.078,1.057,1.078,201458298,215794637,,
2024-07-02,1.077,1.08,1.069,1.08,213397700,229727874,,
2024-07-03,1.078,1.081,1.066,1.068,219918594,235499479,,
2024-07-04,1.068,1.075,1.062,1.064,132587800,141740471,,
2024-07-05,1.064,1.068,1.05,1.057,186709000,197206321,,
2024-07-08,1.057,1.062,1.05,1.052,216503300,228367613,,
2024-07-09,1.051,1.066,1.046,1.065,216472100,228838302,,
2024-07-10,1.062,1.063,1.044,1.044,384858328,403984686,,
2024-07-11,1.047,1.051,1.042,1.046,160935532,168309877,,
2024-07-12,1.046,1.054,1.044,1.047,361803500,378612602,,
2024-07-15,1.045,1.058,1.04,1.057,203833000,214581559,,
2024-07-16,1.055,1.06,1.048,1.053,128840800,135574303,,
2024-07-17,1.054,1.055,1.044,1.047,109673600,114853385,,
2024-07-18,1.045,1.052,1.038,1.051,167094200,174565145,,
2024-07-19,1.048,1.049,1.037,1.043,198198400,206190402,,
2024-07-22,1.042,1.043,1.024,1.033,226835153,233792328,,
2024-07-23,1.031,1.038,1.028,1.029,154097079,159300543,,
2024-07-24,1.027,1.035,1.024,1.029,183522506,189158219,,
2024-07-25,1.026,1.029,1.015,1.024,170542523,174138795,,
2024-07-26,1.022,1.025,1.01,1.016,152634891,154814084,,
2024-07-29,1.014,1.022,1.011,1.021,132857900,135227954,,
2024-07-30,1.019,1.02,1.011,1.013,142179600,144176731,,
2024-07-31,1.012,1.025,1.012,1.024,213188000,217453573,,
2024-08-01,1.023,1.03,1.021,1.025,149721800,153571450,,
2024-08-02,1.021,1.028,1.017,1.023,161270000,165178265,,
2024-08-05,1.022,1.025,1.008,1.013,203613000,207006870,,
2024-08-06,1.014,1.019,1.0,1.007,194876600,196188240,,
2024-08-07,1.006,1.016,1.003,1.012,121979200,123362579,,
2024-08-08,1.012,1.014,1.007,1.012,93534400,94625793,,
2024-08-09,1.015,1.018,1.013,1.014,108728100,110357786,,
2024-08-12,1.013,1.02,1.01,1.017,109374717,111103379,,
2024-08-13,1.018,1.023,1.014,1.02,120352584,122585208,,
2024-08-14,1.018,1.023,1.016,1.017,108714900,110909664,,
2024-08-15,1.017,1.03,1.015,1.029,159361084,163462618,,
2024-08-16,1.027,1.034,1.027,1.033,182966057,188661517,,
2024-08-19,1.033,1.049,1.033,1.048,219118857,228813957,,
2024-08-20,1.048,1.048,1.032,1.039,134489600,139589092,,
2024-08-21,1.038,1.038,1.023,1.028,180724057,185779832,,
2024-08-22,1.027,1.037,1.027,1.031,183095600,189202801,,
2024-08-23,1.032,1.035,1.024,1.03,173485400,178252712,,
2024-08-26,1.027,1.032,1.021,1.031,241214900,247589635,,
2024-08-27,1.029,1.037,1.029,1.037,146310600,151380818,,
2024-08-28,1.035,1.039,1.027,1.031,159194600,164436435,,
2024-08-29,1.028,1.03,1.008,1.008,294560181,298229383,,
2024-08-30,1.009,1.016,0.998,1.003,284621400,286557628,,
2024-09-02,1.002,1.013,0.996,1.006,168597600,169953636,,
2024-09-03,1.005,1.01,0.99,0.995,193246400,192376862,,
2024-09-04,0.991,0.996,0.986,0.993,132194600,130990761,,
2024-09-05,0.991,0.996,0.985,0.99,103792300,102609423,,
2024-09-06,0.99,0.996,0.982,0.982,156455300,154939836,,
2024-09-09,0.981,0.982,0.964,0.966,239248840,231771772,,
2024-09-10,0.966,0.97,0.96,0.967,199974900,192857909,,
2024-09-11,0.964,0.965,0.941,0.944,245038300,232101253,,
2024-09-12,0.944,0.954,0.941,0.949,254410770,241186206,,
2024-09-13,0.951,0.957,0.945,0.946,202080600,192074708,,
2024-09-18,0.946,0.964,0.944,0.962,181290812,172596827,,
2024-09-19,0.96,0.963,0.95,0.962,138652924,132751707,,
2024-09-20,0.959,0.963,0.954,0.96,155981200,149637545,,
2024-09-23,0.958,0.975,0.957,0.971,205171764,198900876,,
2024-09-24,0.976,1.015,0.975,1.015,449507000,449346685,,
2024-09-25,1.025,1.049,1.025,1.031,363359662,377735114,,
2024-09-26,1.029,1.063,1.027,1.062,378870423,396244258,,
2024-09-27,1.07,1.08,1.039,1.062,301119162,317247275,,
2024-09-30,1.072,1.14,1.069,1.127,856393723,941288665,,
2024-10-08,1.222,1.24,1.106,1.142,496030609,572707626,,
2024-10-09,1.121,1.121,1.052,1.054,602625988,651664688,,
2024-10-10,1.054,1.125,1.054,1.102,525885370,573939605,,
2024-10-11,1.108,1.108,1.07,1.082,455345393,495503551,,
2024-10-14,1.089,1.121,1.089,1.113,386066600,427479009,,
2024-10-15,1.108,1.115,1.088,1.089,220247100,242708312,,
2024-10-16,1.084,1.117,1.081,1.108,242961100,268272377,,
2024-10-17,1.111,1.119,1.094,1.096,186067400,205634899,,
2024-10-18,1.093,1.113,1.078,1.102,428434300,469267348,,
2024-10-21,1.102,1.104,1.085,1.092,392211649,427901670,,
2024-10-22,1.088,1.099,1.088,1.096,128837882,141058506,,
2024-10-23,1.095,1.098,1.091,1.095,255164244,279378989,,
2024-10-24,1.091,1.094,1.086,1.089,78074000,85085892,,
2024-10-25,1.087,1.091,1.083,1.087,101751200,110536183,,
2024-10-28,1.084,1.09,1.076,1.089,160906204,174312947,,
2024-10-29,1.089,1.091,1.072,1.073,186923540,201675193,,
2024-10-30,1.071,1.082,1.06,1.066,163522620,174539190,,
2024-10-31,1.064,1.07,1.055,1.063,309421000,328609633,,
2024-11-01,1.061,1.083,1.061,1.076,205748343,221395668,,
2024-11-04,1.08,1.086,1.07,1.085,110604800,119227891,,
2024-11-05,1.084,1.099,1.083,1.098,213183600,233108412,,
2024-11-06,1.098,1.102,1.091,1.095,204075000,223763243,,
2024-11-07,1.091,1.115,1.088,1.114,283387267,311902859,,
2024-11-08,1.116,1.118,1.092,1.099,231251000,254677466,,
2024-11-11,1.097,1.097,1.079,1.089,150015100,162728996,,
2024-11-12,1.086,1.096,1.075,1.079,294664408,320319373,,
2024-11-13,1.08,1.089,1.075,1.086,145241400,157467022,,
2024-11-14,1.082,1.091,1.077,1.078,112112500,121621575,,
2024-11-15,1.078,1.088,1.074,1.076,138466800,149756387,,
2024-11-18,1.081,1.109,1.081,1.095,328332600,360909543,,
2024-11-19,1.096,1.102,1.083,1.096,152763000,166814232,,
2024-11-20,1.094,1.098,1.088,1.098,128698100,140693483,,
2024-11-21,1.098,1.1,1.092,1.097,181417700,198604013,,
2024-11-22,1.097,1.099,1.067,1.068,219533805,237960367,,
2024-11-25,1.068,1.08,1.065,1.071,266388800,284856119,,
2024-11-26,1.068,1.077,1.067,1.073,246847800,264734848,,
2024-11-27,1.07,1.087,1.062,1.085,351448600,378218053,,
2024-11-28,1.086,1.089,1.08,1.083,98823100,107179651,,
2024-11-29,1.083,1.091,1.082,1.085,131475503,142974233,,
2024-12-02,1.087,1.089,1.079,1.086,187992800,203686842,,
2024-12-03,1.087,1.1,1.08,1.099,398475501,435776969,,
2024-12-04,1.098,1.107,1.091,1.101,474849500,522554856,,
2024-12-05,1.1,1.105,1.098,1.101,456829400,503388344,,
2024-12-06,1.101,1.119,1.1,1.115,1071820800,1192432546,,
2024-12-09,1.115,1.125,1.11,1.119,554149300,620766521,,
2024-12-10,1.14,1.15,1.118,1.119,645401401,726399162,,
2024-12-11,1.118,1.125,1.116,1.122,209041700,234272781,,
2024-12-12,1.121,1.125,1.117,1.123,236405600,265063936,,
2024-12-13,1.121,1.122,1.102,1.104,222830600,247308300,,
2024-12-16,1.104,1.125,1.102,1.122,387820001,433510057,,
2024-12-17,1.119,1.127,1.113,1.114,531643300,594716956,,
2024-12-18,1.117,1.129,1.115,1.122,509604068,572739987,,
2024-12-19,1.116,1.119,1.105,1.108,511016000,567683545,,
2024-12-20,1.107,1.111,1.1,1.101,455859300,503728095,,
2024-12-23,1.101,1.114,1.1,1.106,336203500,372454133,,
2024-12-24,1.104,1.117,1.103,1.115,365773800,406614913,,
2024-12-25,1.116,1.125,1.115,1.122,353516208,396175933,,
2024-12-26,1.121,1.123,1.114,1.119,236116200,263866976,,
2024-12-27,1.116,1.124,1.107,1.123,396464297,442328167,,
2024-12-30,1.121,1.132,1.12,1.131,363387500,409547915,,
2024-12-31,1.131,1.137,1.122,1.124,498164133,562833460,,
2025-01-02,1.121,1.129,1.091,1.101,704826800,782650303,,
2025-01-03,1.101,1.105,1.082,1.086,543443100,592790042,,
2025-01-06,1.085,1.088,1.074,1.087,520876200,563479472,,
2025-01-07,1.087,1.091,1.078,1.091,314531600,341672350,,
2025-01-08,1.087,1.098,1.081,1.095,316400400,345167002,,
2025-01-09,1.093,1.093,1.081,1.084,306233800,332284812,,
2025-01-10,1.081,1.085,1.069,1.07,314955600,338566758,,
2025-01-13,1.067,1.069,1.053,1.058,340570900,360669048,,
2025-01-14,1.061,1.077,1.059,1.074,273217200,291945933,,
2025-01-15,1.073,1.088,1.072,1.078,240723400,260259126,,
2025-01-16,1.08,1.088,1.078,1.087,147492600,159851435,,
2025-01-17,1.086,1.09,1.079,1.084,221825000,240765662,,
2025-01-20,1.088,1.093,1.082,1.085,191810600,208571808,,
2025-01-21,1.088,1.089,1.074,1.076,219980447,236983531,,
2025-01-22,1.076,1.076,1.058,1.061,328849100,349542102,,
2025-01-23,1.069,1.082,1.069,1.078,305014200,328273172,,
2025-01-24,1.078,1.086,1.07,1.082,322262900,347559100,,
2025-01-27,1.085,1.1,1.084,1.097,282503400,309602551,,
2025-02-05,1.098,1.1,1.075,1.077,406120296,439174386,,
2025-02-06,1.077,1.082,1.071,1.078,340747100,366153494,,
2025-02-07,1.076,1.083,1.072,1.079,461430667,497392312,,
2025-02-10,1.078,1.081,1.075,1.079,303531700,327244942,,
2025-02-11,1.078,1.09,1.078,1.089,421866300,458002249,,
2025-02-12,1.088,1.092,1.084,1.091,362628603,394714658,,
2025-02-13,1.09,1.098,1.088,1.094,340060500,372065388,,
2025-02-14,1.091,1.095,1.086,1.094,382712600,417082979,,
2025-02-17,1.094,1.095,1.086,1.093,368923000,401692489,,
2025-02-18,1.092,1.103,1.09,1.095,427727527,468982427,,
2025-02-19,1.093,1.094,1.09,1.094,262485700,286507617,,
2025-02-20,1.091,1.092,1.087,1.09,355213500,387127997,,
2025-02-21,1.09,1.092,1.078,1.082,691930782,748602696,,
2025-02-24,1.08,1.084,1.076,1.079,274971161,296940862,,
2025-02-25,1.078,1.08,1.069,1.071,246089000,264490600,,
2025-02-26,1.072,1.081,1.072,1.079,328070600,353407132,,
2025-02-27,1.079,1.09,1.075,1.089,463259950,501469434,,
2025-02-28,1.088,1.091,1.082,1.084,354224696,384899281,,
2025-03-03,1.084,1.088,1.08,1.083,383758736,415636291,,
2025-03-04,1.08,1.085,1.079,1.084,154581100,167303101,,
2025-03-05,1.084,1.091,1.081,1.091,220145550,239282582,,
2025-03-06,1.091,1.093,1.083,1.087,403985600,438581295,,
2025-03-07,1.085,1.089,1.083,1.085,381075804,413504572,,
2025-03-10,1.085,1.085,1.076,1.079,228635600,246644404,,
2025-03-11,1.076,1.085,1.073,1.084,326673506,352614715,,
2025-03-12,1.084,1.088,1.082,1.086,185818595,201764608,,
2025-03-13,1.085,1.093,1.084,1.091,272247600,296664105,,
2025-03-14,1.091,1.101,1.091,1.1,261453100,287113891,,
2025-03-17,1.102,1.106,1.099,1.104,199975900,220614204,,
2025-03-18,1.105,1.105,1.099,1.102,201575900,222054700,,
2025-03-19,1.102,1.109,1.099,1.108,170068200,187954244,,
2025-03-20,1.109,1.112,1.102,1.105,396030421,438091420,,
2025-03-21,1.103,1.112,1.096,1.103,407912600,450054778,,
2025-03-24,1.101,1.109,1.101,1.108,207947900,229782516,,
2025-03-25,1.109,1.116,1.107,1.115,277362337,308666162,,
2025-03-26,1.114,1.116,1.11,1.112,386919500,430553801,,
2025-03-27,1.111,1.118,1.111,1.115,338113737,377061575,,
2025-03-28,1.115,1.115,1.108,1.112,365864700,406455173,,
2025-03-31,1.112,1.121,1.108,1.112,372818400,414843522,,
2025-04-01,1.111,1.116,1.108,1.115,294980200,328001648,,
2025-04-02,1.114,1.124,1.113,1.121,255319233,286354297,,
2025-04-03,1.118,1.126,1.115,1.125,368866698,413912020,,
2025-04-07,1.107,1.107,1.042,1.064,903368606,972049460,,
2025-04-08,1.065,1.089,1.064,1.088,553089300,596230811,,
2025-04-09,1.076,1.086,1.064,1.085,635936060,683349039,,
2025-04-10,1.088,1.095,1.082,1.09,443099700,483035786,,
2025-04-11,1.087,1.09,1.082,1.087,354201600,384491139,,
2025-04-14,1.089,1.096,1.085,1.095,278342500,303849091,,
2025-04-15,1.095,1.107,1.093,1.106,233184207,256787877,,
2025-04-16,1.104,1.117,1.104,1.116,386437148,428616916,,
2025-04-17,1.114,1.119,1.109,1.117,240675986,268290700,,
2025-04-18,1.116,1.123,1.115,1.12,232879230,260762648,,
2025-04-21,1.12,1.127,1.113,1.114,454878635,508763612,,
2025-04-22,1.115,1.122,1.113,1.121,259928300,290918059,,
2025-04-23,1.122,1.122,1.113,1.116,274020953,306030089,,
2025-04-24,1.115,1.127,1.115,1.126,333704990,374897668,,
2025-04-25,1.126,1.128,1.122,1.125,245098400,275529581,,
2025-04-28,1.124,1.133,1.123,1.13,424575453,479408194,,
2025-04-29,1.128,1.133,1.125,1.127,249205200,281050472,,
2025-04-30,1.126,1.126,1.106,1.109,727538700,808080186,,
2025-05-06,1.109,1.11,1.102,1.109,364496389,403093302,,
2025-05-07,1.113,1.118,1.11,1.118,247878400,276308338,,
2025-05-08,1.117,1.126,1.115,1.124,268867900,301796892,,
2025-05-09,1.123,1.134,1.122,1.132,341434900,386439816,,
2025-05-12,1.132,1.138,1.128,1.133,364103000,412591271,,
2025-05-13,1.134,1.145,1.131,1.144,290344671,331133098,,
2025-05-14,1.144,1.154,1.139,1.152,337164071,387159210,,
2025-05-15,1.151,1.156,1.147,1.148,296150500,340519286,,
2025-05-16,1.146,1.148,1.135,1.14,270805789,308510581,,
2025-05-19,1.139,1.147,1.138,1.142,192728482,220324051,,
2025-05-20,1.143,1.15,1.143,1.147,241384272,276778193,,
2025-05-21,1.147,1.157,1.146,1.155,214522300,247308946,,
2025-05-22,1.155,1.16,1.15,1.159,231234850,267547967,,
2025-05-23,1.159,1.166,1.15,1.15,351224450,406433828,,
2025-05-26,1.15,1.154,1.143,1.147,515422700,591438142,,
2025-05-27,1.148,1.152,1.145,1.149,253720200,291309152,,
2025-05-28,1.149,1.155,1.146,1.154,186011500,214337825,,
2025-05-29,1.154,1.157,1.15,1.152,456849833,526898101,,
2025-05-30,1.153,1.161,1.152,1.159,274156301,317425676,,
2025-06-03,1.157,1.171,1.155,1.169,273794506,319096218,,
2025-06-04,1.168,1.175,1.166,1.174,227546935,266483880,,
2025-06-05,1.174,1.176,1.164,1.165,729063464,851233852,,
2025-06-06,1.166,1.171,1.166,1.168,228147520,266368869,,
2025-06-09,1.169,1.17,1.161,1.169,510096633,594274788,,
2025-06-10,1.169,1.178,1.165,1.169,300958697,352846005,,
2025-06-11,1.169,1.174,1.169,1.173,145258900,170202245,,
2025-06-12,1.173,1.178,1.17,1.176,214330300,251984206,,
2025-06-13,1.176,1.179,1.166,1.169,794373300,929500830,,
2025-06-16,1.168,1.175,1.164,1.175,233302200,272660019,,
2025-06-17,1.175,1.178,1.17,1.172,220068577,257952594,,
2025-06-18,1.172,1.179,1.168,1.179,289692477,340373827,,
2025-06-19,1.177,1.18,1.172,1.177,244778121,287729643,,
2025-06-20,1.177,1.184,1.174,1.182,256644135,303130595,,
2025-06-23,1.181,1.191,1.172,1.19,265346900,313800572,,
2025-06-24,1.188,1.193,1.183,1.191,260429694,309666577,,
2025-06-25,1.191,1.203,1.186,1.201,294073485,351328498,,
2025-06-26,1.198,1.207,1.195,1.206,274969220,330122452,,
2025-06-27,1.206,1.21,1.185,1.188,783890781,936530951,,
2025-06-30,1.184,1.189,1.18,1.186,421225179,498468877,,
2025-07-01,1.188,1.197,1.186,1.197,318877687,380744578,,
2025-07-02,1.196,1.205,1.196,1.2,343687600,412882888,,
2025-07-03,1.2,1.206,1.195,1.201,387731998,465757464,,
2025-07-04,1.2,1.216,1.199,1.211,385361000,465870657,,
2025-07-07,1.211,1.219,1.208,1.218,320191899,388721928,,
2025-07-08,1.218,1.221,1.21,1.215,348858372,423804104,,
2025-07-09,1.213,1.226,1.213,1.223,400727313,489760284,,
2025-07-10,1.223,1.234,1.222,1.23,260849536,320511252,,
2025-07-11,1.23,1.236,1.218,1.219,745372600,913962890,,
2025-07-14,1.219,1.232,1.217,1.227,487919299,598236999,,
2025-07-15,1.227,1.229,1.212,1.216,599682207,730489583,,
2025-07-16,1.218,1.218,1.205,1.21,612428458,740157937,,
2025-07-17,1.209,1.213,1.205,1.208,680894721,822723416,,
2025-07-18,1.209,1.215,1.207,1.213,445294781,539964028,,
2025-07-21,1.213,1.217,1.21,1.213,417335542,506383762,,
2025-07-22,1.214,1.216,1.199,1.214,637724740,769928688,,
2025-07-23,1.216,1.227,1.215,1.217,474394500,578940849,,
2025-07-24,1.215,1.216,1.205,1.208,579650839,700001985,,
2025-07-25,1.207,1.208,1.198,1.199,508102795,610964172,,
2025-07-28,1.197,1.203,1.193,1.197,378864232,453775089,,
2025-07-29,1.195,1.198,1.185,1.189,431055800,512477479,,
2025-07-30,1.189,1.2,1.186,1.194,433596596,518082689,,
2025-07-31,1.194,1.194,1.175,1.18,529290100,624619815,,
2025-08-01,1.18,1.185,1.172,1.181,357566499,421396580,,
2025-08-04,1.176,1.188,1.175,1.187,468991700,555395989,,
2025-08-05,1.188,1.201,1.185,1.2,399283400,477109306,,
2025-08-06,1.201,1.204,1.197,1.201,380238100,456446815,,
2025-08-07,1.201,1.206,1.196,1.206,298226320,358739093,,
2025-08-08,1.205,1.21,1.204,1.207,281892194,340284017,,
2025-08-11,1.207,1.209,1.196,1.2,640154000,767990005,,
2025-08-12,1.198,1.208,1.197,1.202,274476800,330443606,,
2025-08-13,1.203,1.206,1.196,1.198,370545793,444794467,,
2025-08-14,1.197,1.207,1.196,1.199,353639268,425064254,,
2025-08-15,1.199,1.2,1.185,1.195,457555397,544429137,,
2025-08-18,1.193,1.201,1.191,1.197,507902383,607271527,,
2025-08-19,1.198,1.2,1.193,1.196,351485688,420712018,,
2025-08-20,1.195,1.207,1.192,1.207,372171905,447346095,,
2025-08-21,1.207,1.214,1.203,1.214,391637065,473852200,,
2025-08-22,1.212,1.213,1.202,1.209,315645850,380592917,,
2025-08-25,1.209,1.22,1.205,1.219,449953000,545881381,,
2025-08-26,1.219,1.22,1.214,1.216,303534300,369540243,,
2025-08-27,1.214,1.216,1.195,1.197,507278700,610079733,,
2025-08-28,1.196,1.2,1.185,1.197,379998947,453264065,,
2025-08-29,1.195,1.209,1.192,1.194,328545393,393777705,,
2025-09-01,1.194,1.201,1.186,1.191,403475669,481256937,,
2025-09-02,1.192,1.2,1.189,1.2,404894814,483915529,,
2025-09-03,1.2,1.201,1.183,1.187,483274014,575072553,,
2025-09-04,1.186,1.192,1.174,1.19,480563368,567790408,,
2025-09-05,1.189,1.189,1.179,1.185,344535664,407168063,,
2025-09-08,1.182,1.188,1.179,1.185,302775811,358806638,,
2025-09-09,1.185,1.191,1.184,1.191,281911447,334872994,,
2025-09-10,1.188,1.191,1.184,1.188,220460764,261803593,,
2025-09-11,1.188,1.192,1.18,1.192,333354100,395039730,,
2025-09-12,1.19,1.194,1.182,1.184,303929500,361186499,,
2025-09-15,1.184,1.184,1.171,1.174,438328084,515561215,,
2025-09-16,1.175,1.178,1.168,1.17,384635820,450597988,,
2025-09-17,1.17,1.176,1.167,1.175,365420900,428611474,,
2025-09-18,1.174,1.175,1.148,1.153,575644800,667662765,,
2025-09-19,1.153,1.16,1.146,1.159,309874800,357377950,,
2025-09-22,1.158,1.16,1.146,1.15,283851584,326929983,,
2025-09-23,1.15,1.159,1.143,1.157,476813803,549811625,,
2025-09-24,1.155,1.164,1.153,1.157,296506300,343489745,,
2025-09-25,1.157,1.158,1.145,1.149,250655800,287932612,,
2025-09-26,1.147,1.152,1.139,1.149,306440100,351237273,,
2025-09-29,1.148,1.155,1.141,1.147,381335919,437080200,,
2025-09-30,1.146,1.148,1.136,1.139,484191828,551427803,,
2025-10-09,1.138,1.142,1.133,1.142,385568234,438303733,,
2025-10-10,1.142,1.153,1.138,1.15,545103112,625480670,,
2025-10-13,1.146,1.159,1.136,1.156,1006068685,1156084203,,
2025-10-14,1.155,1.179,1.151,1.177,1012335758,1185874760,,
2025-10-15,1.176,1.184,1.173,1.182,972308974,1147617806,,
2025-10-16,1.182,1.191,1.18,1.19,664167776,788163379,,
2025-10-17,1.189,1.198,1.183,1.185,1041098892,1239918567,,
2025-10-20,1.186,1.189,1.172,1.187,744422697,880423638,,
2025-10-21,1.184,1.193,1.183,1.19,581161958,691190560,,
2025-10-22,1.189,1.2,1.188,1.199,421027269,503498302,,
2025-10-23,1.199,1.207,1.195,1.206,389327110,467772160,,
2025-10-24,1.204,1.205,1.196,1.197,725463969,870255785,,
2025-10-27,1.194,1.204,1.189,1.198,821143262,983107497,,
2025-10-28,1.198,1.201,1.19,1.198,364697631,436180904,,
2025-10-29,1.196,1.196,1.181,1.187,580544462,689236716,,
2025-10-30,1.185,1.196,1.185,1.19,443501994,528138987,,
2025-10-31,1.189,1.191,1.181,1.188,451071255,535150445,,
2025-11-03,1.189,1.205,1.188,1.204,458878610,549709007,,
2025-11-04,1.204,1.22,1.202,1.217,751410940,913152766,,
2025-11-05,1.216,1.22,1.21,1.217,483050763,587823426,,
2025-11-06,1.216,1.22,1.209,1.216,375080584,456152699,,
2025-11-07,1.215,1.224,1.215,1.217,402403591,490276627,,
2025-11-10,1.217,1.228,1.212,1.227,497085972,607771997,,
2025-11-11,1.227,1.233,1.223,1.232,391315796,481078175,,
2025-11-12,1.232,1.247,1.232,1.243,560132753,696068870,,
2025-11-13,1.242,1.245,1.231,1.239,509505222,630363803,,
2025-11-14,1.237,1.248,1.235,1.235,435560044,540840190,,
2025-11-17,1.234,1.235,1.22,1.224,508594459,623037539,,
2025-11-18,1.222,1.226,1.211,1.217,624209831,760064476,,
2025-11-19,1.215,1.223,1.215,1.219,877376092,1069391127,,
2025-11-20,1.217,1.235,1.214,1.228,723870212,887495842,,
2025-11-21,1.222,1.227,1.208,1.209,935639245,1138118784,,
2025-11-24,1.212,1.215,1.202,1.202,447153696,539355096,,
2025-11-25,1.202,1.211,1.199,1.209,693467152,836899662,,
2025-11-26,1.209,1.214,1.201,1.203,569518062,686666082,,
2025-11-27,1.201,1.208,1.196,1.205,421689275,506808767,,
2025-11-28,1.203,1.205,1.199,1.204,416674559,500926534,,
2025-12-01,1.204,1.212,1.201,1.211,644458565,778202606,,
2025-12-02,1.211,1.212,1.205,1.208,421435200,509407355,,
2025-12-03,1.208,1.213,1.202,1.203,645739500,779319327,,
2025-12-04,1.203,1.205,1.197,1.198,494144918,592813760,,
2025-12-05,1.198,1.199,1.186,1.193,655302500,780586674,,
2025-12-08,1.191,1.193,1.186,1.19,443478535,527710161,,
2025-12-09,1.19,1.19,1.18,1.181,816128809,965976592,,
2025-12-10,1.181,1.185,1.173,1.176,365597903,430444638,,
2025-12-11,1.177,1.179,1.17,1.173,562689899,660261523,,
2025-12-12,1.174,1.176,1.17,1.174,520979200,610448378,,
2025-12-15,1.17,1.181,1.167,1.175,493118100,579369180,,
2025-12-16,1.176,1.179,1.167,1.169,514852195,603348830,,
2025-12-17,1.168,1.174,1.164,1.171,422666443,493976871,,
2025-12-18,1.17,1.184,1.166,1.181,522602379,615206474,,
2025-12-19,1.182,1.185,1.176,1.181,613264614,723817999,,
2025-12-22,1.181,1.182,1.173,1.173,635758462,747223314,,
2025-12-23,1.174,1.18,1.173,1.173,433724997,509959020,,
2025-12-24,1.173,1.177,1.17,1.177,439827420,515947133,,
2025-12-25,1.177,1.182,1.174,1.178,442904336,521773797,,
2025-12-26,1.177,1.179,1.173,1.175,393381300,462405385,,
2025-12-29,1.176,1.18,1.171,1.176,484669789,569688161,,
2025-12-30,1.174,1.177,1.171,1.175,407374049,478488159,,
2025-12-31,1.175,1.179,1.174,1.176,566012914,665624256,,
2026-01-05,1.176,1.177,1.168,1.173,809228700,948533120,,
2026-01-06,1.173,1.175,1.168,1.174,1003278032,1175653748,,
2026-01-07,1.174,1.175,1.168,1.17,459286396,537708267,,
2026-01-08,1.169,1.169,1.159,1.161,650950682,756831915,,
2026-01-09,1.161,1.163,1.157,1.162,663165169,768918690,,
2026-01-12,1.162,1.164,1.156,1.164,829679779,962787582,,
2026-01-13,1.164,1.172,1.163,1.166,947015800,1105932587,,
2026-01-14,1.167,1.168,1.155,1.156,829045732,962403347,,
2026-01-15,1.157,1.159,1.151,1.153,521808598,602783062,,
2026-01-16,1.153,1.155,1.14,1.143,919751870,1054199350,,
2026-01-19,1.143,1.147,1.14,1.144,657631921,752223021,,
2026-01-20,1.144,1.162,1.143,1.16,991343168,1144987722,,
2026-01-21,1.16,1.163,1.149,1.151,787985256,909957244,,
2026-01-22,1.149,1.159,1.148,1.152,591403200,682172618,,
2026-01-23,1.151,1.154,1.145,1.148,565069300,649624390,,
2026-01-26,1.148,1.157,1.145,1.156,629864820,725674120,,
2026-01-27,1.155,1.156,1.147,1.148,764873300,881681555,,
2026-01-28,1.147,1.158,1.144,1.152,619681333,713791399,,
2026-01-29,1.15,1.169,1.149,1.169,755457571,875025665,,
2026-01-30,1.169,1.176,1.162,1.168,814795652,953566534,,
2026-02-02,1.165,1.17,1.151,1.154,825324152,958395402,,
2026-02-03,1.154,1.156,1.143,1.15,754311530,866439095,,
2026-02-04,1.149,1.167,1.149,1.166,618224430,718005509,,
2026-02-05,1.166,1.182,1.166,1.181,754441619,886243861,,
2026-02-06,1.179,1.183,1.172,1.178,682113234,803697959,,
2026-02-09,1.177,1.183,1.174,1.181,603614454,711798825,,
2026-02-10,1.182,1.187,1.18,1.186,407076199,482060692,,
2026-02-11,1.185,1.19,1.182,1.188,396365078,470345517,,
2026-02-12,1.187,1.188,1.176,1.177,598861473,706316161,,
2026-02-13,1.176,1.178,1.165,1.167,645765495,756923532,,
2026-02-24,1.17,1.176,1.17,1.172,439323384,515135730,,
2026-02-25,1.172,1.18,1.167,1.169,808119894,947735457,,
2026-02-26,1.171,1.175,1.163,1.168,499280200,582800395,,
2026-02-27,1.168,1.174,1.166,1.172,445534000,521847462,,
2026-03-02,1.17,1.184,1.168,1.183,777712021,915395984,,
2026-03-03,1.183,1.203,1.183,1.196,1201515647,1433145503,,
2026-03-04,1.194,1.194,1.173,1.18,1110968200,1310071468,,
2026-03-05,1.179,1.187,1.174,1.182,572143500,675471261,,
2026-03-06,1.18,1.189,1.178,1.188,580577400,686980731,,
2026-03-09,1.19,1.195,1.184,1.187,1168092030,1389627900,,
2026-03-10,1.184,1.186,1.177,1.185,452751300,534948493,,
2026-03-11,1.184,1.197,1.178,1.196,601915324,714291887,,
2026-03-12,1.196,1.205,1.193,1.202,479502900,575394940,,
2026-03-13,1.201,1.212,1.201,1.205,558309370,673581011,,
2026-03-16,1.205,1.211,1.198,1.205,762268510,918648435,,
2026-03-17,1.203,1.214,1.203,1.21,475326700,575275404,,
2026-03-18,1.21,1.21,1.197,1.204,754436797,906886581,,
2026-03-19,1.202,1.211,1.198,1.201,587374697,707001265,,
2026-03-20,1.199,1.21,1.196,1.196,574315130,690885074,,
2026-03-23,1.19,1.192,1.153,1.158,1234527630,1444258117,,
2026-03-24,1.161,1.18,1.161,1.178,775052084,907755249,,
2026-03-25,1.177,1.189,1.168,1.188,843810451,995970097,,
2026-03-26,1.186,1.193,1.184,1.185,526449776,625494429,,
2026-03-27,1.182,1.191,1.178,1.183,603197287,713431924,,
2026-03-30,1.179,1.194,1.178,1.193,621511813,737831500,,
2026-03-31,1.193,1.205,1.192,1.198,638312502,766031344,,
2026-04-01,1.199,1.206,1.195,1.197,582447004,699179904,,
2026-04-02,1.196,1.204,1.195,1.201,707666883,849407095,,
2026-04-03,1.201,1.202,1.184,1.188,904111773,1075732649,,
2026-04-07,1.188,1.188,1.177,1.18,562295519,664524355,,
2026-04-08,1.18,1.19,1.176,1.19,705963269,835524775,,
2026-04-09,1.189,1.191,1.18,1.183,482704443,571215569,,
2026-04-10,1.182,1.186,1.18,1.181,518380174,612817320,,
2026-04-13,1.181,1.181,1.172,1.176,591143309,694575491,,
2026-04-14,1.177,1.182,1.176,1.181,452159533,532867813,,
2026-04-15,1.182,1.19,1.18,1.189,666919773,790617760,,
2026-04-16,1.188,1.192,1.185,1.189,488396756,580266817,,
2026-04-17,1.188,1.189,1.183,1.184,540939064,641406076,,
2026-04-20,1.184,1.191,1.181,1.19,553822433,657258426,,
2026-04-21,1.19,1.199,1.189,1.197,500467646,598880663,,
2026-04-22,1.196,1.198,1.191,1.192,326780483,389948699,,
2026-04-23,1.192,1.2,1.19,1.198,503845675,602648942,,
2026-04-24,1.198,1.203,1.193,1.198,634963800,760829200,,
2026-04-27,1.197,1.2,1.188,1.189,705498800,841851807,,
2026-04-28,1.188,1.193,1.186,1.192,491905560,584706867,,
2026-04-29,1.194,1.199,1.19,1.195,506400644,604963959,,
2026-04-30,1.196,1.196,1.186,1.188,750859233,892923213,,
2026-05-06,1.188,1.189,1.177,1.183,771049738,909817917,,
2026-05-07,1.182,1.183,1.176,1.178,759575914,895197964,,
2026-05-08,1.178,1.183,1.175,1.177,471791150,555461708,,
2026-05-11,1.176,1.178,1.172,1.178,655267014,770095347,,
2026-05-12,1.178,1.181,1.174,1.176,608071822,715584603,,
2026-05-13,1.175,1.179,1.173,1.177,510646787,600551114,,
2026-05-14,1.177,1.179,1.173,1.176,475878063,560007203,,
2026-05-15,1.175,1.176,1.164,1.167,729235903,852961778,,
2026-05-18,1.164,1.166,1.156,1.16,697085513,808498959,,
2026-05-19,1.159,1.169,1.159,1.169,455981974,531596365,,
2026-05-20,1.168,1.17,1.163,1.164,445338859,519025445,,
2026-05-21,1.163,1.165,1.158,1.161,386261685,448868420,,
2026-05-22,1.159,1.16,1.151,1.155,815721350,941960861,,
2026-05-25,1.154,1.157,1.149,1.152,520917600,600397688,,
2026-05-26,1.151,1.157,1.15,1.156,515824600,595204388,,
2026-05-27,1.156,1.157,1.146,1.15,638191300,734132505,,
2026-05-28,1.149,1.155,1.143,1.144,653530600,750042946,,
2026-05-29,1.144,1.169,1.142,1.167,796236525,923199597,,
2026-06-01,1.166,1.184,1.158,1.181,818364328,959040186,,
2026-06-02,1.179,1.191,1.178,1.182,737393618,872739866,,
2026-06-03,1.18,1.18,1.162,1.173,801935785,938043659,,
2026-06-04,1.17,1.173,1.156,1.158,607509222,706794277,,
2026-06-05,1.159,1.17,1.158,1.159,517836280,602284303,,
2026-06-08,1.158,1.167,1.155,1.165,720220930,836646060,,
2026-06-09,1.163,1.169,1.157,1.164,580005638,675247414,,
2026-06-10,1.163,1.175,1.16,1.172,848426190,991797548,,
2026-06-11,1.173,1.174,1.161,1.162,514664160,599549363,,
2026-06-12,1.16,1.172,1.154,1.172,667017181,776223901,,
2026-06-15,1.171,1.171,1.157,1.161,854522732,993128691,,
2026-06-16,1.158,1.16,1.143,1.145,888648962,1021075120,,
2026-06-17,1.146,1.148,1.135,1.14,724628158,825489444,,
2026-06-18,1.138,1.138,1.111,1.115,1419552672,1590233801,,
2026-06-22,1.11,1.119,1.096,1.114,1028564500,1135833014,,
2026-06-23,1.111,1.13,1.11,1.118,885441072,992411157,,
2026-06-24,1.118,1.12,1.097,1.099,791890777,875883361,,
2026-06-25,1.093,1.098,1.084,1.086,685895086,747629675,,
2026-06-26,1.086,1.091,1.079,1.081,639536405,692867636,,
2026-06-29,1.079,1.093,1.062,1.089,828695989,893843491,,
2026-06-30,1.087,1.087,1.063,1.067,976290645,1045638326,,
2026-07-01,1.067,1.083,1.062,1.079,801245734,859995364,,
2026-07-02,1.082,1.099,1.075,1.087,726014683,788467182,,
2026-07-03,1.087,1.098,1.081,1.09,610969198,665635895,,
2026-07-06,1.089,1.114,1.083,1.112,915914163,1008710127,330000.0,366960.0
2026-07-07,1.112,1.113,1.097,1.104,658837641,726747086,22800.0,25171.0
2026-07-08,1.103,1.121,1.098,1.12,873269620,971913630,975800.0,1092896.0
2026-07-09,1.116,1.116,1.103,1.105,805444525,892711406,365900.0,404320.0
2026-07-10,1.101,1.113,1.099,1.113,672095259,743793957,209700.0,233396.0
2026-07-13,1.111,1.128,1.107,1.126,897709613,1007280128,563800.0,634839.0
2026-07-14,1.123,1.14,1.121,1.139,814527175,921418573,145900.0,166180.0
2026-07-15,1.132,1.154,1.13,1.152,733789179,840264302,100200.0,115430.0
2026-07-16,1.151,1.159,1.139,1.141,801101785,916460547,1118900.0,1276665.0
2026-07-17,1.141,1.155,1.14,1.146,987420994,1135204391,642000.0,735732.0
2026-07-20,1.145,1.175,1.143,1.172,1189417167,1387149505,654300.0,766840.0
2026-07-21,1.171,1.189,1.159,1.16,1368702191,1603190997,510600.0,592296.0
2026-07-22,1.158,1.168,1.148,1.168,964187548,1115424244,478800.0,559238.0
2026-07-23,1.163,1.175,1.161,1.174,611805667,715691999,81200.0,95329.0
2026-07-24,1.174,1.178,1.162,1.162,601574736,703514965,548500.0,637357.0
2026-07-27,1.161,1.171,1.158,1.167,667944656,778173266,104400.0,121835.0
2026-07-28,1.168,1.177,1.16,1.176,661978895,774812573,256700.0,301879.0
2026-07-29,1.175,1.191,1.174,1.187,757982937,898707497,343500.0,407735.0
2026-07-30,1.186,1.207,1.186,1.207,1345563105,1612239704,955000.0,1152685.0
2026-07-31,1.19,1.204,1.177,1.204,925090341,1099392199,167900.0,202152.0
2026-08-03,1.199,1.21,1.195,1.203,568757195,683566791,237100.0,285231.0
2026-08-04,1.2,1.2,1.176,1.176,1144770271,1353642179,498100.0,585766.0
2026-08-05,1.174,1.177,1.16,1.164,1501761046,1746864189,559400.0,651142.0
2026-08-06,1.163,1.169,1.151,1.166,921696727,1068662646,503300.0,586848.0
2026-08-07,1.162,1.167,1.152,1.158,780308500,903455612,765800.0,886796.0
2026-08-10,1.155,1.17,1.153,1.162,679292295,790686921,463500.0,538587.0
2026-08-11,1.162,1.172,1.162,1.163,568897023,663479804,215200.0,250278.0
2026-08-12,1.163,1.164,1.155,1.159,447067009,517863746,165400.0,191699.0
2026-08-13,1.156,1.16,1.152,1.157,462330609,534669157,246300.0,284969.0
2026-08-14,1.157,1.161,1.151,1.155,480267477,555185014,319700.0,369254.0
2026-08-17,1.155,1.157,1.15,1.156,532502532,614753042,387600.0,448066.0
2026-08-18,1.156,1.163,1.155,1.161,604009100,700712686,166600.0,193423.0
2026-08-19,1.164,1.177,1.164,1.175,794806954,931235869,321200.0,377410.0
2026-08-20,1.17,1.184,1.168,1.183,737566821,867110221,292300.0,345791.0
2026-08-21,1.182,1.184,1.174,1.176,513705858,604722662,269700.0,317167.0
2026-08-24,1.172,1.19,1.171,1.189,716716893,849094247,631200.0,750497.0
2026-08-25,1.189,1.193,1.183,1.185,862666972,1024649943,344900.0,408707.0
2026-08-26,1.182,1.193,1.18,1.191,698352699,830461665,187700.0,223551.0
2026-08-27,1.189,1.189,1.172,1.183,927713780,1094747351,339300.0,401392.0
2026-08-28,1.181,1.186,1.178,1.184,433116200,512099248,352900.0,417834.0
2026-08-31,1.184,1.197,1.184,1.192,675697314,805468491,470100.0,560359.0
2026-09-01,1.194,1.21,1.19,1.208,1125685056,1356800542,503900.0,608711.0
2026-09-02,1.21,1.212,1.2,1.201,856361300,1031570038,464600.0,557985.0
2026-09-03,1.199,1.216,1.199,1.2,1051500547,1268762085,282100.0,338520.0
2026-09-04,1.199,1.211,1.198,1.207,570136849,688109437,162200.0,195775.0
2026-09-07,1.206,1.209,1.19,1.195,629311739,753142642,350700.0,419087.0
