date,sse_market_cap_yi,szse_market_cap_yi,market_cap_yi,gdp_ttm_yi,market_cap_to_gdp,close,shenzhen_component_scaled
2016-09-30,265741.24,219266.3008,485007.54079999996,741909.5,0.6537287105772335,10567.58,1.056758
2016-10-31,278042.22,226855.4302,504897.6502,741909.5,0.6805380578089376,10704.3,1.07043
2016-11-30,295302.89,235367.5448,530670.4348,741909.5,0.7152765058271933,11012.19,1.101219
2016-12-31,284607.63,223078.2546,507685.8846,761193.0,0.6669607899704806,10177.14,1.017714
2017-01-31,294122.4,223125.3603,517247.7603,761193.0,0.679522486806894,10052.05,1.005205
2017-02-28,303722.14,234489.7309,538211.8709,761193.0,0.707063610542924,10391.34,1.039134
2017-03-31,304479.78,235108.3714,539588.1514000001,780732.1,0.6911309928207129,10428.72,1.042872
2017-04-30,300302.72,227178.1092,527480.8292,780732.1,0.6756233401956959,10234.65,1.023465
2017-05-31,297775.27,215837.5048,513612.7748,780732.1,0.6578604553341665,9864.84,0.986484
2017-06-30,307464.99,226856.7263,534321.7163,801395.5,0.6667391023533323,10529.61,1.052961
2017-07-31,316976.04,225201.257,542177.297,801395.5,0.676541479207208,10505.04,1.050504
2017-08-31,327100.64,234872.1338,561972.7738000001,801395.5,0.7012427369507317,10816.64,1.081664
2017-09-30,327809.44,241491.4973,569300.9373,823313.2000000001,0.6914755372560527,11087.19,1.108719
2017-10-31,334498.47,244622.6167,579121.0867,823313.2000000001,0.7034031358904484,11367.62,1.136762
2017-11-30,330215.13,233801.2846,564016.4146,823313.2000000001,0.6850569316755761,10944.1,1.09441
2017-12-31,331324.82,235761.2565,567086.0765,847382.9,0.6692205808023739,11040.45,1.1040450000000002
2018-01-31,351041.77,234531.3323,585573.1023,847382.9,0.69103719499178,11159.68,1.115968
2018-02-28,334105.65,227540.3588,561646.0088,847382.9,0.6628007348271955,10828.73,1.082873
2018-03-31,325666.71,233851.8805,559518.5905,867843.8,0.6447226914566885,10868.66,1.0868659999999999
2018-04-30,317966.5,224566.1194,542532.6194,867843.8,0.6251500781592263,10324.47,1.032447
2018-05-31,320700.9,223519.2273,544220.1273,867843.8,0.6270945616019842,10295.73,1.0295729999999998
2018-06-30,299581.98,204635.4358,504217.41579999996,890220.6000000001,0.5663960323991603,9379.47,0.937947
2018-07-31,305437.18,200770.9569,506208.1369,890220.6000000001,0.5686322434012423,9178.78,0.9178780000000001
2018-08-31,290651.26,185050.9407,475702.20070000004,890220.6000000001,0.5343644043959441,8465.47,0.8465469999999999
2018-09-30,301557.14,185058.5786,486615.7186,912262.1,0.5334165681112918,8401.09,0.840109
2018-10-31,278622.02,167911.8113,446533.8313,912262.1,0.48947975729782045,7482.83,0.748283
2018-11-30,279653.98,173969.0676,453623.0476,912262.1,0.49725078746557594,7681.75,0.768175
2018-12-31,269515.02,165409.0173,434924.0373,936010.1,0.4646574190812685,7239.79,0.723979
2019-01-31,281023.82,167861.9181,448885.7381,936010.1,0.4795736051352438,7479.22,0.747922
2019-02-28,320193.59,204668.5423,524862.1323,936010.1,0.5607440905819286,9031.93,0.903193
2019-03-31,337193.46,225662.4501,562855.9101,951728.7000000001,0.5914037373255634,9906.86,0.9906860000000001
2019-04-30,336590.16,218667.9404,555258.1004,951728.7000000001,0.5834205697485008,9674.53,0.9674530000000001
2019-05-31,318321.46,204644.4653,522965.9253,951728.7000000001,0.5494905484094363,8922.69,0.8922690000000001
2019-06-30,327971.84,208324.6582,536296.4982,969880.2,0.5529512801684168,9178.31,0.917831
2019-07-31,330361.41,210141.9049,540503.3149,969880.2,0.5572887403000907,9326.61,0.9326610000000001
2019-08-31,325976.92,213732.6817,539709.6017,969880.2,0.5564703781972248,9365.68,0.9365680000000001
2019-09-30,329091.66,216744.4483,545836.1083,987106.6,0.5529657164687177,9446.24,0.944624
2019-10-31,332673.18,220020.8811,552694.0611,987106.6,0.5599132465531079,9635.33,0.963533
2019-11-30,329076.0,217810.567,546886.567,987106.6,0.5540298960618844,9582.16,0.958216
2019-12-31,355519.7,237414.8651,592934.5651,1005872.4,0.5894729441825822,10430.77,1.043077
2020-01-31,354226.4,242953.161,597179.561,1005872.4,0.5936931573030535,10681.9,1.06819
2020-02-29,346830.35,249809.7947,596640.1447,1005872.4,0.5931568901781179,10980.77,1.098077
2020-03-31,330896.73,231956.9144,562853.6444,994089.6,0.5662001135511326,9962.3,0.99623
2020-04-30,347423.31,246570.4323,593993.7423,994089.6,0.5975253561650782,10721.78,1.072178
2020-05-31,349401.77,250708.1368,600109.9068,994089.6,0.6036778845689563,10746.08,1.074608
2020-06-30,372015.47,276758.9251,648774.3951,1001345.7,0.6479025126886748,11992.35,1.199235
2020-07-31,420925.54,317248.9982,738174.5382,1001345.7,0.7371825116940134,13637.88,1.363788
2020-08-31,433279.0,326196.5557,759475.5557,1001345.7,0.7584549029371176,13758.23,1.375823
2020-09-30,413729.0,307958.4034,721687.4034,1015232.8,0.7108590299682989,12907.45,1.290745
2020-10-31,416867.0,318941.6294,735808.6294,1015232.8,0.724768377656829,13236.6,1.32366
2020-11-30,441857.0,327665.5123,769522.5123000001,1015232.8,0.7579764092531289,13670.11,1.367011
2020-12-31,455322.0,341916.5785,797238.5785000001,1034867.6,0.7703773685638627,14470.68,1.447068
2021-01-31,457015.0,344614.4823,801629.4823,1034867.6,0.7746203304654625,14821.99,1.482199
2021-02-28,461069.0,339721.8537,800790.8537,1034867.6,0.773809957621632,14507.45,1.4507450000000002
2021-03-31,453444.0,330286.4132,783730.4132000001,1080251.7,0.7255072250291299,13778.67,1.377867
2021-04-30,457628.0,345643.8973,803271.8973000001,1080251.7,0.7435969758714567,14438.57,1.443857
2021-05-31,486277.0,364242.5036,850519.5035999999,1080251.7,0.7873345661941564,14996.38,1.499638
2021-06-30,491818.0,371916.9179,863734.9179,1114780.9,0.7748024009919797,15161.7,1.51617
2021-07-31,469545.0,360890.8713,830435.8713,1114780.9,0.7449319155898707,14473.21,1.4473209999999999
2021-08-31,496678.0,370639.7324,867317.7324,1114780.9,0.7780163190811755,14328.38,1.4328379999999998
2021-09-30,499887.0,367039.5687,866926.5687,1142832.4,0.758577170808248,14309.01,1.430901
2021-10-31,498061.0,369195.8912,867256.8912,1142832.4,0.7588662092534304,14451.38,1.4451379999999998
2021-11-30,506720.0,390844.5079,897564.5079000001,1142832.4,0.7853859480182748,14795.73,1.479573
2021-12-31,519698.0,396389.8439,916087.8439,1173823.0,0.7804309882324677,14857.35,1.485735
2022-01-31,481718.78,357508.0286,839226.8086000001,1173823.0,0.7149517504768608,13328.06,1.332806
2022-02-28,497027.31,367780.3963,864807.7063,1173823.0,0.7367445571436239,13455.73,1.345573
2022-03-31,467389.93,337716.9247,805106.8547,1195943.6,0.6731980125985874,12118.25,1.211825
2022-04-30,438841.79,300157.1772,738998.9672,1195943.6,0.6179212524737788,11021.44,1.102144
2022-05-31,460824.63,320033.4402,780858.0702,1195943.6,0.6529221530179181,11527.62,1.152762
2022-06-30,493943.54,354322.4532,848265.9931999999,1207075.9,0.7027445359484022,12896.2,1.28962
2022-07-31,477054.93,348843.5869,825898.5168999999,1207075.9,0.6842142378122205,12266.92,1.2266920000000001
2022-08-31,473612.98,338013.0587,811626.0386999999,1207075.9,0.6723902272425454,11815.79,1.1815790000000002
2022-09-30,450179.65,309662.685,759842.335,1224513.8,0.6205257425436936,10778.61,1.077861
2022-10-31,433846.91,306441.9386,740288.8485999999,1224513.8,0.604557375016925,10397.04,1.0397040000000002
2022-11-30,471285.05,329690.8975,800975.9475,1224513.8,0.6541175342409371,11108.5,1.11085
2022-12-31,463786.76,324219.1478,788005.9077999999,1234029.4,0.6385633176972931,11015.99,1.101599
2023-01-31,490684.18,352156.6665,842840.8465,1234029.4,0.6829990002669305,12001.26,1.200126
2023-02-28,495958.72,353658.4522,849617.1721999999,1234029.4,0.6884902192767854,11783.8,1.17838
2023-03-31,497442.63,351412.269,848854.899,1249222.4,0.6795066266823265,11726.4,1.17264
2023-04-30,508485.52,341054.6162,849540.1362000001,1249222.4,0.680055157672485,11338.67,1.133867
2023-05-31,492967.44,332208.6918,825176.1318,1249222.4,0.6605518215171294,10793.85,1.079385
2023-06-30,493395.5,339219.2397,832614.7397,1266348.4,0.6574926297533918,11026.59,1.102659
2023-07-31,506802.57,343813.9355,850616.5055,1266348.4,0.6717081219512735,11183.91,1.118391
2023-08-31,483241.42,325423.3483,808664.7683,1266348.4,0.6385800055498155,10418.21,1.0418209999999999
2023-09-30,481674.1,319946.1919,801620.2919,1279389.4,0.626564744009916,10109.53,1.010953
2023-10-31,467972.89,314424.7792,782397.6692,1279389.4,0.6115399027067131,9863.8,0.9863799999999999
2023-11-30,470469.47,316264.9671,786734.4371,1279389.4,0.6149296196294889,9726.92,0.972692
2023-12-31,463127.23,310003.4788,773130.7087999999,1294271.7,0.5973480752148099,9524.69,0.952469
2024-01-31,433127.91,261045.1714,694173.0814,1294271.7,0.5363426252772119,8212.84,0.821284
2024-02-29,468558.64,288706.5421,757265.1821000001,1294271.7,0.585089809272659,9330.44,0.9330440000000001
2024-03-31,473022.85,295922.8318,768945.6817999999,1306664.7,0.5884797238342782,9400.85,0.9400850000000001
2024-04-30,482871.91,297333.5468,780205.4568,1306664.7,0.5970969115489231,9587.12,0.9587120000000001
2024-05-31,480119.34,291482.9265,771602.2665,1306664.7,0.5905128274300209,9364.38,0.9364379999999999
2024-06-30,461499.75,271650.1652,733149.9151999999,1319264.7999999998,0.5557261250357017,8848.7,0.88487
2024-07-31,457332.58,269609.4041,726941.9841,1319264.7999999998,0.5510205260536021,8754.09,0.875409
2024-08-31,442360.33,258376.6494,700736.9794000001,1319264.7999999998,0.5311571864875044,8348.48,0.8348479999999999
2024-09-30,519544.13,323216.4251,842760.5551,1331778.5,0.6328083499620996,10529.76,1.052976
2024-10-31,511459.11,334114.3552,845573.4652,1331778.5,0.6349204955628882,10591.22,1.059122
2024-11-30,519637.6,338651.4651,858289.0651,1331778.5,0.6444683294556866,10611.72,1.061172
2024-12-31,524308.99,330411.5313,854720.5212999999,1348066.2,0.6340345313160436,10414.61,1.041461
2025-01-31,509659.92,324178.4093,833838.3293,1348066.2,0.6185440516941972,10156.07,1.015607
2025-02-28,520923.77,343584.5056,864508.2756,1348066.2,0.6412951200764474,10611.24,1.061124
2025-03-31,524049.34,341128.3394,865177.6794,1361770.7999999998,0.6353328176812134,10504.33,1.050433
2025-04-30,515570.32,325948.535,841518.855,1361770.7999999998,0.6179592446834666,9899.82,0.9899819999999999
2025-05-31,526655.78,334744.4432,861400.2232,1361770.7999999998,0.6325588881770707,10040.63,1.004063
2025-06-30,548595.47,350945.3424,899540.8123999999,1374328.4,0.6545311967649071,10465.12,1.046512
2025-07-31,572912.11,367762.6816,940674.7916,1374328.4,0.6844614370189833,11009.77,1.100977
2025-08-31,619625.6,413250.1286,1032875.7286,1374328.4,0.7515494321444569,12696.15,1.269615
2025-09-30,624328.59,427290.6856,1051619.2756,1387480.2999999998,0.7579345635393888,13526.51,1.352651
2025-10-31,638481.52,425782.545,1064264.065,1387480.2999999998,0.7670480546642717,13378.21,1.337821
2025-11-30,628829.71,417348.9845,1046178.6945,1387480.2999999998,0.7540133683339505,12984.08,1.298408
2025-12-31,647771.04,432408.3645,1080179.4045000002,1401879.2,0.7705224562144871,13525.02,1.352502
2026-01-31,672864.14,462613.6993,1135477.8393,1401879.2,0.8099683905004084,14205.89,1.4205889999999999
2026-02-28,682245.08,477047.0501,1159292.1301,1401879.2,0.8269557962626166,14495.09,1.449509
2026-03-31,639452.66,438619.4565,1078072.1165,1417605.6999999997,0.7604879950045349,13478.06,1.347806
2026-04-30,681311.47,482100.5961,1163412.0661,1417605.6999999997,0.820688055994696,15107.55,1.5107549999999998
2026-05-31,678675.08,487168.9133,1165843.9933,1417605.6999999997,0.8224035733631716,15575.13,1.557513
2026-06-30,687173.02,495324.8326,1182497.8526,1437721.6,0.8224804110893236,16205.56,1.6205559999999999
2026-07-31,673143.48,424903.0372,1098046.5172000001,1437721.6,0.7637407111362868,13578.93,1.357893
2026-08-31,706966.48,450602.1948,1157568.6748,1437721.6,0.8051410473348942,14015.0,1.4015
