date,sse_market_cap_yi,szse_market_cap_yi,market_cap_yi
2008-01-31,225354.97,52499.85,277854.82
2008-02-29,225846.35,55786.67,281633.02
2008-03-31,181350.15,45438.99,226789.13999999998
2008-04-30,194727.31,45516.94,240244.25
2008-05-31,181247.11,43619.59,224866.69999999998
2008-06-30,144508.33,33526.77,178035.09999999998
2008-07-31,146667.15,35217.45,181884.59999999998
2008-08-31,127029.73,28405.56,155435.29
2008-09-30,121615.05,26548.93,148163.98
2008-10-31,91719.66,20348.14,112067.8
2008-11-30,99152.56,23331.68,122484.23999999999
2008-12-31,97251.91,24114.53,121366.44
2009-01-31,106478.69,26616.8,133095.49
2009-02-28,111624.52,28764.68,140389.2
2009-03-31,127267.07,34207.17,161474.24
2009-04-30,132959.05,36294.26,169253.31
2009-05-31,141337.38,38449.26,179786.64
2009-06-30,159107.69127578,42340.37,201448.06127578
2009-07-31,186119.25484451,49615.549,235734.80384451
2009-08-31,146363.14917487,40732.247,187095.39617487
2009-09-30,153562.13542291,43339.555,196901.69042291
2009-10-31,165927.44366454,49964.568,215892.01166454
2009-11-30,178652.42606219,57250.614,235903.04006219
2009-12-31,184655.22570837,59283.893,243939.11870837002
2010-01-31,169410.78594739,56950.832,226361.61794738998
2010-02-28,174852.63138063,61744.368,236596.99938062998
2010-03-31,179578.57240765,65374.007,244952.57940765
2010-04-30,165860.99,62044.52,227905.50999999998
2010-05-31,149971.17105674,59668.26,209639.43105674
2010-06-30,139065.89,56072.838,195138.728
2010-07-31,161367.0,64555.052,225922.052
2010-08-31,163401.11,71720.248,235121.358
2010-09-30,165191.88,73548.481,238740.361
2010-10-31,187015.4194,83118.167,270133.58640000003
2010-11-30,178723.8301,85591.749,264315.5791
2010-12-31,179007.2382,86415.354,265422.5922
2011-01-31,179868.1708,81421.683,261289.85379999998
2011-02-28,187914.3473,88943.371,276857.7183
2011-03-31,190187.1702,87475.008,277662.17819999997
2011-04-30,189910.2923,84727.077,274637.3693
2011-05-31,179410.6669,78780.697,258191.3639
2011-06-30,181250.6958,82963.641,264214.3368
2011-07-31,177654.9785,85725.712,263380.6905
2011-08-31,169769.7807,84847.422,254617.20270000002
2011-09-30,156629.1495,74967.121,231596.27049999998
2011-10-31,165015.1574,77967.756,242982.9134
2011-11-30,156401.7271,75313.684,231715.41109999997
2011-12-31,148376.2238,66381.872,214758.0958
2012-01-31,155020.9216,65898.36,220919.2816
2012-02-29,164763.61,74046.911,238810.52099999998
2012-03-31,154942.35,69762.5549,224704.90490000002
2012-04-30,164410.8645,73767.0651,238177.9296
2012-05-31,162995.0807,76312.9658,239308.0465
2012-06-30,153189.31,73019.96920497,226209.27920497
2012-07-31,145228.16,67963.8535,213192.0135
2012-08-31,142246.6544,67318.3118,209564.9662
2012-09-30,145002.93,68944.4457,213947.37569999998
2012-10-31,144324.72,68459.2802,212784.0002
2012-11-30,138226.31,61151.7702,199378.0802
2012-12-31,158698.44,71659.1818,230357.62180000002
2013-01-31,167496.85,76411.4341,243908.2841
2013-02-28,166305.89,79210.331,245516.22100000002
2013-03-31,157311.6812,76373.2918,233684.973
2013-04-30,153372.452,75269.4409,228641.89289999998
2013-05-31,162317.72,85437.0264,247754.7464
2013-06-30,139774.5222,73038.3968,212812.919
2013-07-31,141092.00341419,77439.8271,218531.83051419
2013-08-31,148444.65,81747.4611,230192.11109999998
2013-09-30,154176.0,87100.4163,241276.41629999998
2013-10-31,151969.82135539,84224.692,236194.51335539
2013-11-30,157701.32,89983.2859,247684.60590000002
2013-12-31,151165.27327707,87911.9244,239077.19767706998
2014-01-31,146312.12,91513.5612,237825.6812
2014-02-28,148812.1,92871.3598,241683.4598
2014-03-31,147741.56,88883.5018,236625.0618
2014-04-30,147495.35,88780.3536,236275.7036
2014-05-31,148663.67,91059.9424,239723.6124
2014-06-30,149421.28,94708.388,244129.668
2014-07-31,161470.57,100518.8879,261989.4579
2014-08-31,163342.43,105359.4051,268701.8351
2014-09-30,176124.14,117424.0285,293548.1685
2014-10-31,180974.34,119512.3194,300486.6594
2014-11-30,201252.15,126574.7734,327826.92339999997
2014-12-31,243974.02,128572.936,372546.956
2015-01-31,244996.24,140428.5265,385424.7665
2015-02-28,255115.63,152477.0623,407592.6923
2015-03-31,292210.37,184807.7844,477018.1544
2015-04-30,348418.9,215072.455,563491.355
2015-05-31,360625.68,266839.7766,627465.4565999999
2015-06-30,346690.84,237882.814,584573.6540000001
2015-07-31,300012.99,204832.6489,504845.6389
2015-08-31,263124.83,174902.3642,438027.1942
2015-09-30,251074.57,168453.5927,419528.1627
2015-10-31,278486.09,198135.9227,476622.0127
2015-11-30,284894.29,218741.8778,503636.16779999994
2015-12-31,295194.2,236109.9961,531304.1961000001
2016-01-31,229463.81,174336.4771,403800.28709999996
2016-02-29,226320.64,170706.8067,397027.4467
2016-03-31,254081.52,200074.6146,454156.1346
2016-04-30,249670.57,198236.6484,447907.2184
2016-05-31,248543.79,200097.6279,448641.4179
2016-06-30,250920.44,212000.0742,462920.5142
2016-07-31,256919.86,209543.8541,466463.7141
2016-08-31,270601.32,221033.8787,491635.1987
2016-09-30,265741.24,219266.3008,485007.54079999996
2016-10-31,278042.22,226855.4302,504897.6502
2016-11-30,295302.89,235367.5448,530670.4348
2016-12-31,284607.63,223078.2546,507685.8846
2017-01-31,294122.4,223125.3603,517247.7603
2017-02-28,303722.14,234489.7309,538211.8709
2017-03-31,304479.78,235108.3714,539588.1514000001
2017-04-30,300302.72,227178.1092,527480.8292
2017-05-31,297775.27,215837.5048,513612.7748
2017-06-30,307464.99,226856.7263,534321.7163
2017-07-31,316976.04,225201.257,542177.297
2017-08-31,327100.64,234872.1338,561972.7738000001
2017-09-30,327809.44,241491.4973,569300.9373
2017-10-31,334498.47,244622.6167,579121.0867
2017-11-30,330215.13,233801.2846,564016.4146
2017-12-31,331324.82,235761.2565,567086.0765
2018-01-31,351041.77,234531.3323,585573.1023
2018-02-28,334105.65,227540.3588,561646.0088
2018-03-31,325666.71,233851.8805,559518.5905
2018-04-30,317966.5,224566.1194,542532.6194
2018-05-31,320700.9,223519.2273,544220.1273
2018-06-30,299581.98,204635.4358,504217.41579999996
2018-07-31,305437.18,200770.9569,506208.1369
2018-08-31,290651.26,185050.9407,475702.20070000004
2018-09-30,301557.14,185058.5786,486615.7186
2018-10-31,278622.02,167911.8113,446533.8313
2018-11-30,279653.98,173969.0676,453623.0476
2018-12-31,269515.02,165409.0173,434924.0373
2019-01-31,281023.82,167861.9181,448885.7381
2019-02-28,320193.59,204668.5423,524862.1323
2019-03-31,337193.46,225662.4501,562855.9101
2019-04-30,336590.16,218667.9404,555258.1004
2019-05-31,318321.46,204644.4653,522965.9253
2019-06-30,327971.84,208324.6582,536296.4982
2019-07-31,330361.41,210141.9049,540503.3149
2019-08-31,325976.92,213732.6817,539709.6017
2019-09-30,329091.66,216744.4483,545836.1083
2019-10-31,332673.18,220020.8811,552694.0611
2019-11-30,329076.0,217810.567,546886.567
2019-12-31,355519.7,237414.8651,592934.5651
2020-01-31,354226.4,242953.161,597179.561
2020-02-29,346830.35,249809.7947,596640.1447
2020-03-31,330896.73,231956.9144,562853.6444
2020-04-30,347423.31,246570.4323,593993.7423
2020-05-31,349401.77,250708.1368,600109.9068
2020-06-30,372015.47,276758.9251,648774.3951
2020-07-31,420925.54,317248.9982,738174.5382
2020-08-31,433279.0,326196.5557,759475.5557
2020-09-30,413729.0,307958.4034,721687.4034
2020-10-31,416867.0,318941.6294,735808.6294
2020-11-30,441857.0,327665.5123,769522.5123000001
2020-12-31,455322.0,341916.5785,797238.5785000001
2021-01-31,457015.0,344614.4823,801629.4823
2021-02-28,461069.0,339721.8537,800790.8537
2021-03-31,453444.0,330286.4132,783730.4132000001
2021-04-30,457628.0,345643.8973,803271.8973000001
2021-05-31,486277.0,364242.5036,850519.5035999999
2021-06-30,491818.0,371916.9179,863734.9179
2021-07-31,469545.0,360890.8713,830435.8713
2021-08-31,496678.0,370639.7324,867317.7324
2021-09-30,499887.0,367039.5687,866926.5687
2021-10-31,498061.0,369195.8912,867256.8912
2021-11-30,506720.0,390844.5079,897564.5079000001
2021-12-31,519698.0,396389.8439,916087.8439
2022-01-31,481718.78,357508.0286,839226.8086000001
2022-02-28,497027.31,367780.3963,864807.7063
2022-03-31,467389.93,337716.9247,805106.8547
2022-04-30,438841.79,300157.1772,738998.9672
2022-05-31,460824.63,320033.4402,780858.0702
2022-06-30,493943.54,354322.4532,848265.9931999999
2022-07-31,477054.93,348843.5869,825898.5168999999
2022-08-31,473612.98,338013.0587,811626.0386999999
2022-09-30,450179.65,309662.685,759842.335
2022-10-31,433846.91,306441.9386,740288.8485999999
2022-11-30,471285.05,329690.8975,800975.9475
2022-12-31,463786.76,324219.1478,788005.9077999999
2023-01-31,490684.18,352156.6665,842840.8465
2023-02-28,495958.72,353658.4522,849617.1721999999
2023-03-31,497442.63,351412.269,848854.899
2023-04-30,508485.52,341054.6162,849540.1362000001
2023-05-31,492967.44,332208.6918,825176.1318
2023-06-30,493395.5,339219.2397,832614.7397
2023-07-31,506802.57,343813.9355,850616.5055
2023-08-31,483241.42,325423.3483,808664.7683
2023-09-30,481674.1,319946.1919,801620.2919
2023-10-31,467972.89,314424.7792,782397.6692
2023-11-30,470469.47,316264.9671,786734.4371
2023-12-31,463127.23,310003.4788,773130.7087999999
2024-01-31,433127.91,261045.1714,694173.0814
2024-02-29,468558.64,288706.5421,757265.1821000001
2024-03-31,473022.85,295922.8318,768945.6817999999
2024-04-30,482871.91,297333.5468,780205.4568
2024-05-31,480119.34,291482.9265,771602.2665
2024-06-30,461499.75,271650.1652,733149.9151999999
2024-07-31,457332.58,269609.4041,726941.9841
2024-08-31,442360.33,258376.6494,700736.9794000001
2024-09-30,519544.13,323216.4251,842760.5551
2024-10-31,511459.11,334114.3552,845573.4652
2024-11-30,519637.6,338651.4651,858289.0651
2024-12-31,524308.99,330411.5313,854720.5212999999
2025-01-31,509659.92,324178.4093,833838.3293
2025-02-28,520923.77,343584.5056,864508.2756
2025-03-31,524049.34,341128.3394,865177.6794
2025-04-30,515570.32,325948.535,841518.855
2025-05-31,526655.78,334744.4432,861400.2232
2025-06-30,548595.47,350945.3424,899540.8123999999
2025-07-31,572912.11,367762.6816,940674.7916
2025-08-31,619625.6,413250.1286,1032875.7286
2025-09-30,624328.59,427290.6856,1051619.2756
2025-10-31,638481.52,425782.545,1064264.065
2025-11-30,628829.71,417348.9845,1046178.6945
2025-12-31,647771.04,432408.3645,1080179.4045000002
2026-01-31,672864.14,462613.6993,1135477.8393
2026-02-28,682245.08,477047.0501,1159292.1301
2026-03-31,639452.66,438619.4565,1078072.1165
2026-04-30,681311.47,482100.5961,1163412.0661
2026-05-31,678675.08,487168.9133,1165843.9933
2026-06-30,687173.02,495324.8326,1182497.8526
2026-07-31,673143.48,424903.0372,1098046.5172000001
2026-08-31,706966.48,450602.1948,1157568.6748
