date,year,quarter,gdp_ytd_yi,gdp_single_quarter_yi,gdp_ttm_yi
2006-12-31,2006,4,222578.4,64510.79999999999,222578.4
2007-03-31,2007,1,58080.6,58080.6,232827.30000000002
2007-06-30,2007,2,123831.6,65751.0,245163.0
2007-09-30,2007,3,194325.7,70494.1,258836.5
2007-12-31,2007,4,274179.7,79854.0,274179.7
2008-03-31,2008,1,70609.6,70609.6,286708.7
2008-06-30,2008,2,150574.5,79964.9,300922.6
2008-09-30,2008,3,234242.9,83668.4,314096.9
2008-12-31,2008,4,324317.8,90074.9,324317.8
2009-03-31,2009,1,75341.3,75341.3,329049.5
2009-06-30,2009,2,160697.0,85355.7,334440.3
2009-09-30,2009,3,252027.0,91330.0,342101.9
2009-12-31,2009,4,354521.6,102494.59999999998,354521.6
2010-03-31,2010,1,89125.0,89125.0,368305.3
2010-06-30,2010,2,190200.0,101075.0,384024.6
2010-09-30,2010,3,297992.9,107792.90000000002,400487.5
2010-12-31,2010,4,419253.3,121260.39999999997,419253.3
2011-03-31,2011,1,106218.9,106218.9,436347.19999999995
2011-06-30,2011,2,226995.8,120776.9,456049.1
2011-09-30,2011,3,355557.3,128561.5,476817.69999999995
2011-12-31,2011,4,495707.6,140150.3,495707.6
2012-03-31,2012,1,119377.5,119377.5,508866.19999999995
2012-06-30,2012,2,252868.7,133491.2,521580.5
2012-09-30,2012,3,393252.7,140384.0,533403.0
2012-12-31,2012,4,547510.6,154257.89999999997,547510.6
2013-03-31,2013,1,131879.7,131879.7,560012.8
2013-06-30,2013,2,277993.6,146113.89999999997,572635.5
2013-09-30,2013,3,432965.7,154972.10000000003,587223.6
2013-12-31,2013,4,603660.4,170694.7,603660.4
2014-03-31,2014,1,143539.4,143539.4,615320.1
2014-06-30,2014,2,303001.7,159462.30000000002,628668.5
2014-09-30,2014,3,471603.5,168601.8,642298.2
2014-12-31,2014,4,655782.9,184179.40000000002,655782.9
2015-03-31,2015,1,154171.4,154171.4,666414.9
2015-06-30,2015,2,326058.4,171887.00000000003,678839.6000000001
2015-09-30,2015,3,506177.1,180118.69999999995,690356.5
2015-12-31,2015,4,702511.5,196334.40000000002,702511.5
2016-03-31,2016,1,165735.3,165735.3,714075.3999999999
2016-06-30,2016,2,350737.5,185002.2,727190.6
2016-09-30,2016,3,545575.1,194837.59999999998,741909.5
2016-12-31,2016,4,761193.0,215617.90000000002,761193.0
2017-03-31,2017,1,185274.4,185274.4,780732.1
2017-06-30,2017,2,390940.0,205665.6,801395.5
2017-09-30,2017,3,607695.3,216755.30000000005,823313.2000000001
2017-12-31,2017,4,847382.9,239687.59999999998,847382.9
2018-03-31,2018,1,205735.3,205735.3,867843.8
2018-06-30,2018,2,433777.7,228042.40000000002,890220.6000000001
2018-09-30,2018,3,672574.5,238796.8,912262.1
2018-12-31,2018,4,936010.1,263435.6,936010.1
2019-03-31,2019,1,221453.9,221453.9,951728.7000000001
2019-06-30,2019,2,467647.8,246193.9,969880.2
2019-09-30,2019,3,723671.0,256023.2,987106.6
2019-12-31,2019,4,1005872.4,282201.4,1005872.4
2020-03-31,2020,1,209671.1,209671.1,994089.6
2020-06-30,2020,2,463121.1,253449.99999999997,1001345.7
2020-09-30,2020,3,733031.4,269910.30000000005,1015232.8
2020-12-31,2020,4,1034867.6,301836.19999999995,1034867.6
2021-03-31,2021,1,255055.2,255055.2,1080251.7
2021-06-30,2021,2,543034.4,287979.2,1114780.9
2021-09-30,2021,3,840996.2,297961.79999999993,1142832.4
2021-12-31,2021,4,1173823.0,332826.80000000005,1173823.0
2022-03-31,2022,1,277175.8,277175.8,1195943.6
2022-06-30,2022,2,576287.3,299111.50000000006,1207075.9
2022-09-30,2022,3,891687.0,315399.69999999995,1224513.8
2022-12-31,2022,4,1234029.4,342342.3999999999,1234029.4
2023-03-31,2023,1,292368.8,292368.8,1249222.4
2023-06-30,2023,2,608606.3,316237.50000000006,1266348.4
2023-09-30,2023,3,937047.0,328440.69999999995,1279389.4
2023-12-31,2023,4,1294271.7,357224.69999999995,1294271.7
2024-03-31,2024,1,304761.8,304761.8,1306664.7
2024-06-30,2024,2,633599.4,328837.60000000003,1319264.7999999998
2024-09-30,2024,3,974553.8,340954.4,1331778.5
2024-12-31,2024,4,1348066.2,373512.3999999999,1348066.2
2025-03-31,2025,1,318466.4,318466.4,1361770.7999999998
2025-06-30,2025,2,659861.6,341395.19999999995,1374328.4
2025-09-30,2025,3,1013967.9,354106.30000000005,1387480.2999999998
2025-12-31,2025,4,1401879.2,387911.29999999993,1401879.2
2026-03-31,2026,1,334192.9,334192.9,1417605.6999999997
2026-06-30,2026,2,695704.0,361511.1,1437721.6
