date,pe_ttm
2005-01-31,42.35
2005-02-28,45.07
2005-03-31,42.54
2005-04-29,41.1
2005-05-31,38.92
2005-06-30,39.65
2005-07-29,35.79
2005-08-31,38.21
2005-09-30,39.23
2005-10-31,37.16
2005-11-30,37.85
2005-12-30,38.17
2006-01-25,40.44
2006-02-28,40.44
2006-03-31,43.05
2006-04-28,50.49
2006-05-31,59.15
2006-06-30,60.61
2006-07-31,59.89
2006-08-31,57.66
2006-09-29,58.5
2006-10-31,58.01
2006-11-30,59.99
2006-12-29,61.26
2007-01-31,72.3
2007-02-28,73.77
2007-03-30,82.79
2007-04-30,82.5
2007-05-31,84.79
2007-06-29,76.26
2007-07-31,83.53
2007-08-31,82.16
2007-09-28,82.1
2007-10-31,71.98
2007-11-30,70.3
2007-12-28,77.86
2008-01-31,77.01
2008-02-29,77.08
2008-03-31,68.28
2008-04-30,56.41
2008-05-30,57.49
2008-06-30,46.34
2008-07-31,49.71
2008-08-29,37.6
2008-09-26,35.28
2008-10-31,27.8
2008-11-28,31.96
2008-12-31,33.62
2009-01-23,37.49
2009-02-27,43.42
2009-03-31,50.15
2009-04-30,57.94
2009-05-27,60.38
2009-06-30,62.01
2009-07-31,66.14
2009-08-31,61.73
2009-09-30,59.31
2009-10-30,62.3
2009-11-30,65.3
2009-12-31,69.27
2010-01-29,67.31
2010-02-26,69.11
2010-03-31,69.18
2010-04-30,63.56
2010-05-31,61.04
2010-06-30,55.21
2010-07-30,60.23
2010-08-31,59.26
2010-09-30,59.19
2010-10-29,61.57
2010-11-30,64.77
2010-12-31,60.59
2011-01-31,57.85
2011-02-28,61.96
2011-03-31,61.15
2011-04-29,56.79
2011-05-31,52.5
2011-06-30,53.57
2011-07-29,54.96
2011-08-31,51.57
2011-09-30,45.97
2011-10-31,47.63
2011-11-30,48.53
2011-12-30,40.11
2012-01-31,40.18
2012-02-29,45.08
2012-03-30,43.73
2012-04-27,45.67
2012-05-31,46.68
2012-06-29,43.71
2012-07-31,41.13
2012-08-31,40.89
2012-09-28,41.11
2012-10-31,41.1
2012-11-30,37.18
2012-12-31,41.83
2013-01-31,44.67
2013-02-28,45.86
2013-03-29,46.74
2013-04-26,48.27
2013-05-31,51.91
2013-06-28,44.83
2013-07-31,47.04
2013-08-30,50.42
2013-09-30,51.18
2013-10-31,50.89
2013-11-29,53.43
2013-12-31,52.57
2014-01-30,54.34
2014-02-28,55.53
2014-03-31,55.9
2014-04-30,54.37
2014-05-30,55.37
2014-06-30,56.85
2014-07-31,58.84
2014-08-29,59.25
2014-09-30,65.19
2014-10-31,63.88
2014-11-28,65.74
2014-12-31,63.01
2015-01-30,67.26
2015-02-27,70.11
2015-03-31,82
2015-04-30,86.2
2015-05-29,99.62
2015-06-30,88.38
2015-07-31,82.12
2015-08-31,73.22
2015-09-30,68.72
2015-10-30,77.93
2015-11-30,84.97
2015-12-31,89.57
2016-01-29,68.99
2016-02-29,72.86
2016-03-31,78.52
2016-04-29,76.58
2016-05-31,73.28
2016-06-30,79.33
2016-07-29,78.33
2016-08-31,78.89
2016-09-30,77.58
2016-10-31,77.4
2016-11-30,77.92
2016-12-30,74.07
2017-01-26,71.3
2017-02-28,73.52
2017-03-31,73.24
2017-04-28,66.86
2017-05-31,62.12
2017-06-30,63.32
2017-07-31,61.24
2017-08-31,60.4
2017-09-29,61.07
2017-10-31,58.08
2017-11-30,55.38
2017-12-29,54.58
2018-01-31,54.54
2018-02-28,51.32
2018-03-30,54.02
2018-04-27,52.36
2018-05-31,50.87
2018-06-29,45.66
2018-07-31,45.96
2018-08-31,41.69
2018-09-28,40.56
2018-10-31,36.42
2018-11-30,37.75
2018-12-28,36.78
2019-01-31,36.45
2019-02-28,43.56
2019-03-29,48.27
2019-04-30,47.67
2019-05-30,46.19
2019-06-30,46.6
2019-07-31,46.28
2019-08-29,45.29
2019-09-29,45.27
2019-10-31,44.35
2019-11-29,43.48
2019-12-30,46.26
2020-01-22,48.34
2020-02-27,50.01
2020-03-31,47.04
2020-04-29,49.24
2020-05-31,51.7
2020-06-30,54.95
2020-07-30,58.86
2020-08-31,58.41
2020-09-29,55.01
2020-10-29,54.04
2020-11-30,53.34
2020-12-30,50.9
2021-01-31,48.79
2021-02-28,48.4
2021-03-31,48.21
2021-04-29,45.15
2021-05-31,46.17
2021-06-30,47.69
2021-07-29,47.76
2021-08-31,48.25
2021-09-29,45.82
2021-10-31,46.17
2021-11-30,50.57
2021-12-30,50.39
2022-01-27,45.5
2022-02-28,47.01
2022-03-31,44.48
2022-04-28,39.48
2022-05-31,44.78
2022-06-30,48.28
2022-07-31,49.38
2022-08-31,47.55
2022-09-29,44.78
2022-10-31,44.79
2022-11-30,46.57
2022-12-29,45.33
2023-01-31,48.23
2023-02-28,49.72
2023-03-30,48.74
2023-04-27,48.85
2023-05-31,48.9
2023-06-29,49.43
2023-07-31,49.22
2023-08-30,48.66
2023-09-27,47.99
2023-10-31,49.24
2023-11-30,50.37
2023-12-28,49.03
2024-01-31,41.09
2024-02-29,43.71
2024-03-31,45.73
2024-04-29,47.32
2024-05-30,46.3
2024-06-30,43.32
2024-07-31,43.4
2024-08-29,40.68
2024-09-29,44.6
2024-10-31,50.57
2024-11-28,51.21
2024-12-31,50.33
2025-01-26,50.5
2025-02-27,53.89
2025-03-31,53.76
2025-04-29,53.44
2025-05-29,54.56
2025-06-30,56.29
2025-07-31,58.91
2025-08-31,61.39
2025-09-29,62.24
2025-10-30,60.43
2025-11-30,59.31
2025-12-30,61
2026-01-29,63.8
2026-02-26,65.53
2026-03-31,62.12
2026-04-30,65.33
2026-05-29,64.74
2026-06-30,63.37
2026-07-31,58.16
2026-08-31,60.17
2026-09-29,58.7
