date,open,high,low,close,volume,amount
2025-10-24,25307.748,25418.6367,25288.7109,25358.1621,1127401601,0
2025-10-27,25701.9473,25839.0312,25656.3789,25821.5449,1270059161,0
2025-10-28,25932.6426,26087.4844,25864.4902,26012.1562,1366257553,0
2025-10-29,26147.7207,26182.1035,25907.4473,26119.8457,1417023110,0
2025-10-30,25953.7793,26031.6836,25732.3867,25734.8125,1390211730,0
2025-10-31,26055.9688,26063.4863,25761.2793,25858.127,1229405512,0
2025-11-03,26114.1094,26132.8672,25887.8828,25972.9434,1235570490,0
2025-11-04,25580.3418,25762.2344,25415.623,25435.7031,1353948199,0
2025-11-05,25433.2246,25750.8848,25364.9023,25620.0312,1237245340,0
2025-11-06,25568.2383,25568.2383,25083.2363,25130.041,1215542091,0
2025-11-07,24977.7344,25065.1387,24603.7812,25059.8086,1241981093,0
2025-11-10,25418.1719,25655.5137,25354.4375,25611.7363,1218934892,0
2025-11-11,25500.9277,25588.2598,25380.8574,25533.4863,863946455,0
2025-11-12,25662.1855,25663.1699,25389.7266,25517.3281,930806208,0
2025-11-13,25386.9512,25396.0137,24908.5957,24993.4629,1117506206,0
2025-11-14,24658.5508,25198.9336,24534.9004,25008.2422,1115318604,0
2025-11-17,24890.1035,25166.1465,24649.3633,24799.918,1209452177,0
2025-11-18,24651.7773,24735.125,24299.2949,24503.0957,1337551186,0
2025-11-19,24517.2715,24904.6621,24432.1934,24640.5156,1265282246,0
2025-11-20,25131.4883,25222.9473,24021.4375,24054.3789,1415062581,0
2025-11-21,24137.6641,24521.8379,23854.0312,24239.5742,1455295377,0
2025-11-24,24462.8691,24923.5938,24455.6504,24873.8535,1121836842,0
2025-11-25,24790.0684,25069.543,24542.7148,25018.3594,1350395809,0
2025-11-26,25168.3066,25309.1484,25077.8613,25236.9395,1066237561,0
2025-11-28,25310.2852,25435.7734,25280.957,25434.8887,668412922,0
2025-12-01,25232.7539,25443.2051,25158.6328,25342.8496,1075802739,0
2025-12-02,25449.8691,25622.584,25369.3555,25555.8574,1233557829,0
2025-12-03,25443.7051,25639.9922,25388.4375,25606.5449,990312749,0
2025-12-04,25658.1387,25658.2695,25450.3809,25581.6992,965123219,0
2025-12-05,25657.7812,25827.0781,25617.3535,25692.0508,1317879469,0
2025-12-08,25758.8184,25828.1582,25531.75,25627.9512,1132700249,0
2025-12-09,25593.666,25698.2617,25532.3379,25668.6875,956358977,0
2025-12-10,25631.5879,25835.0254,25504.3027,25776.4375,1257197397,0
2025-12-11,25598.3887,25696.291,25372.1797,25686.6855,934924312,0
2025-12-12,25531.5527,25605.875,25104.6797,25196.7344,1068772435,0
2025-12-15,25352.8691,25377.623,25022.8066,25067.2656,1004771051,0
2025-12-16,24991.4941,25188.7637,24922.9355,25132.9395,973550914,0
2025-12-17,25167.8613,25193.4102,24647.6055,24647.6055,1397986335,0
2025-12-18,25031.4941,25164.1777,24921.4512,25019.3672,1306992506,0
2025-12-19,25147.2949,25354.8203,25134.2559,25346.1777,1245692009,0
2025-12-22,25527.6836,25554.0293,25401.5918,25461.7012,963075207,0
2025-12-23,25441.4238,25590.0332,25403.2617,25587.8301,854053387,0
2025-12-24,25582.3398,25665.2773,25556.8516,25656.1465,406570122,0
2025-12-26,25692.6836,25716.7129,25620.3164,25644.3906,599802506,0
2025-12-29,25462.2539,25598.1406,25440.9727,25525.5605,725037397,0
2025-12-30,25509.877,25577.5801,25456.9238,25462.5605,677177023,0
2025-12-31,25464.707,25483.7676,25244.8574,25249.8457,671825961,0
2026-01-02,25524.2656,25597.6504,25086.3633,25206.168,1122532189,0
2026-01-05,25471.791,25520.5156,25354.6602,25401.3203,1240525789,0
2026-01-06,25462.0586,25655.1211,25428.0762,25639.7051,1035877837,0
2026-01-07,25617.7988,25813.1719,25592.4004,25653.8965,1239583721,0
2026-01-08,25615.3457,25622.3145,25400.1641,25507.1016,1123964463,0
2026-01-09,25518.8223,25811.4551,25455.9727,25766.2578,1158296873,0
2026-01-12,25616.8125,25850.8555,25602.5645,25787.6641,1091234492,0
2026-01-13,25779.2812,25873.1777,25642.1055,25741.9531,1223860426,0
2026-01-14,25575.5664,25624.1914,25266.2031,25465.9434,1239754634,0
2026-01-15,25767.2969,25781.0312,25520.1973,25547.0742,1185406169,0
2026-01-16,25710.5996,25735.4844,25444.2773,25529.2637,1461604954,0
2026-01-20,25155.0312,25279.7773,24954.1797,24987.5664,1551930021,0
2026-01-21,25048.5508,25498.8086,24993.9805,25326.582,1417806862,0
2026-01-22,25548.3789,25576.5176,25399.4961,25518.3516,1220277797,0
2026-01-23,25501.9121,25709.7422,25435.0215,25605.4668,1331081499,0
2026-01-26,25631.0098,25797.0996,25578.7637,25713.209,1109968925,0
2026-01-27,25852.0449,25982.5938,25791.748,25939.7441,1087031385,0
2026-01-28,26121.7441,26165.082,25974.6602,26022.791,1214030678,0
2026-01-29,26030.0801,26046.3359,25418.5449,25884.2949,1495511806,0
2026-01-30,25740.1914,25823.2949,25456.1758,25552.3867,1138367673,0
2026-02-02,25491.6445,25833.1211,25478.498,25738.6133,1262118887,0
2026-02-03,25811.0488,25840.0449,25112.4629,25338.6211,1504286110,0
2026-02-04,25240.3828,25275.2559,24681.2734,24891.2383,1598674271,0
2026-02-05,24614.8594,24854.5605,24455.3965,24548.6895,1543221263,0
2026-02-06,24655.25,25131.3379,24622.332,25075.7715,1674165038,0
2026-02-09,24953.6836,25337.543,24876.2793,25268.1406,1371095256,0
2026-02-10,25314.2266,25363.125,25113.4258,25127.6387,1087572276,0
2026-02-11,25335.9102,25382.8379,24980.291,25201.2598,1405474566,0
2026-02-12,25261.334,25310.5605,24643.7324,24687.6113,1396086330,0
2026-02-13,24662.9492,24921.4727,24514.9609,24732.7324,1256113037,0
2026-02-17,24567.5449,24818.3027,24387.4688,24701.5957,1212586341,0
2026-02-18,24744.875,25057.2051,24696.8301,24898.8672,1122878944,0
2026-02-19,24771.6523,24890.1172,24690.8691,24797.3398,1004247677,0
2026-02-20,24637.3203,25077.5586,24633.5957,25012.6191,1307562972,0
2026-02-23,24935.5137,24984.8203,24618.2266,24708.9414,1229632005,0
2026-02-24,24763.8398,25022.9199,24643.6895,24977.0449,1265425783,0
2026-02-25,25137.7246,25343.9707,25137.623,25329.0352,1081634791,0
2026-02-26,25278.248,25288.2285,24820.5547,25034.3711,1409663048,0
2026-02-27,24808.0,24987.959,24747.252,24960.0352,1613121572,0
2026-03-02,24599.4121,25059.1719,24575.5391,24992.6016,1237572666,0
2026-03-03,24497.375,24810.252,24315.8359,24720.084,1144691726,0
2026-03-04,24850.9434,25179.3633,24795.5312,25093.6777,1062324581,0
2026-03-05,24992.7324,25174.3066,24744.5586,25020.4141,1135515463,0
2026-03-06,24663.7422,24886.7031,24579.8594,24643.0156,1094199196,0
2026-03-09,24429.6738,25019.1562,24289.2246,24967.248,1292076521,0
2026-03-10,25002.6074,25189.1738,24871.4375,24956.4707,1105562352,0
2026-03-11,25053.2422,25152.1152,24856.5977,24965.0059,982894635,0
2026-03-12,24771.3164,24809.2656,24522.2402,24533.582,1132824051,0
2026-03-13,24660.1934,24786.6543,24336.5254,24380.7344,923057765,0
2026-03-16,24646.1797,24794.2949,24606.457,24655.3418,1128873827,0
2026-03-17,24760.2734,24884.6836,24721.5605,24780.418,1021300854,0
2026-03-18,24727.0664,24763.5762,24417.3789,24425.0938,899166871,0
2026-03-19,24119.373,24462.1543,24100.877,24355.2754,990048578,0
2026-03-20,24257.5625,24267.334,23759.9668,23898.1543,1137567166,0
2026-03-23,24270.7734,24465.1562,24097.6758,24188.5898,1175608914,0
2026-03-24,24042.2324,24170.834,23927.6934,24002.4473,1090758580,0
2026-03-25,24236.4043,24314.252,24081.3809,24162.9766,1136844100,0
2026-03-26,23913.1914,24029.5137,23574.7168,23586.9941,1040864567,0
2026-03-27,23463.7461,23472.8906,23088.9941,23132.7715,1220895109,0
2026-03-30,23307.7461,23356.752,22841.418,22953.377,1034436562,0
2026-03-31,23208.0,23789.6016,23198.6426,23740.1895,1440165465,0
2026-04-01,23883.293,24162.6816,23871.6113,24019.9883,1238355352,0
2026-04-02,23621.7324,24076.3496,23512.5938,24045.5332,1022962989,0
2026-04-06,24143.0176,24265.1367,24039.0312,24192.166,881364572,0
2026-04-07,24109.5684,24209.2773,23779.8535,24202.3711,1021047980,0
2026-04-08,25045.3594,25045.3594,24756.9277,24903.166,1325061725,0
2026-04-09,24918.2773,25097.4512,24788.918,25082.0859,1197499575,0
2026-04-10,25165.0586,25226.0605,25057.6504,25116.3379,1175497365,0
2026-04-13,25069.0723,25387.6855,24999.1953,25383.7168,905623721,0
2026-04-14,25514.5547,25841.9961,25514.5547,25841.9961,1192256067,0
2026-04-15,25859.1895,26214.5684,25828.7637,26204.5801,1015896856,0
2026-04-16,26256.8789,26400.5215,26113.6523,26333.0,965171308,0
2026-04-17,26551.1582,26719.5566,26481.2441,26672.4336,1201473476,0
2026-04-20,26662.3184,26670.1152,26412.5176,26590.3438,1050335716,0
2026-04-21,26658.8535,26730.6367,26405.2969,26479.4707,1103806703,0
2026-04-22,26715.9238,26942.1328,26662.875,26937.2754,1066880122,0
2026-04-23,26844.6133,27007.8711,26540.3242,26782.625,1251975754,0
2026-04-24,27082.416,27314.2148,26986.3906,27303.666,1520908906,0
2026-04-27,27278.2754,27315.2324,27158.875,27305.6777,1272315321,0
2026-04-28,26988.7695,27115.7656,26877.5918,27029.0117,1180150013,0
2026-04-29,27069.3633,27199.7246,26995.3809,27186.9844,1275339472,0
2026-04-30,27328.9863,27488.0312,27029.4102,27452.1191,1553042600,0
2026-05-01,27508.5723,27787.123,27501.4316,27710.3574,1192908644,0
2026-05-04,27731.3418,27822.3711,27504.0918,27651.8184,1098766752,0
2026-05-05,27895.0547,28065.6328,27844.2324,28015.0605,1325745470,0
2026-05-06,28234.0215,28608.6758,28208.2324,28599.1719,1424607697,0
2026-05-07,28612.5371,28825.5195,28440.0488,28563.9473,1338683579,0
2026-05-08,28768.1191,29234.9941,28751.2148,29234.9941,1143242202,0
2026-05-11,29185.8281,29372.4316,29143.1973,29320.6562,1388359072,0
2026-05-12,29067.3574,29188.0684,28628.6406,29064.7988,1328007861,0
2026-05-13,29159.9473,29452.2559,28968.5547,29366.9434,1062788395,0
2026-05-14,29372.6523,29678.8926,29350.0996,29580.2988,1020929655,0
2026-05-15,29191.3613,29387.4414,28991.4238,29125.1992,1302548324,0
2026-05-18,29246.1973,29250.1445,28717.5684,28994.3691,1025998228,0
2026-05-19,28795.0176,29031.918,28567.1621,28818.8438,1017671209,0
2026-05-20,29006.5703,29301.2793,28919.4414,29297.6973,1208557022,0
2026-05-21,29150.1309,29463.4941,29040.0391,29357.2715,1022860600,0
2026-05-22,29476.2891,29663.8906,29423.6328,29481.6426,931855895,0
2026-05-26,29854.582,30044.4902,29753.0859,30001.3184,1269780184,0
2026-05-27,30081.2773,30099.7949,29808.8867,29973.5723,1249542992,0
2026-05-28,30030.625,30263.1914,29848.7559,30223.8887,1203901073,0
2026-05-29,30333.8633,30470.0332,30210.0059,30333.1797,1824561066,0
2026-06-01,30295.2461,30633.5469,30241.1953,30513.8613,1406948268,0
2026-06-02,30471.6133,30670.1094,30372.957,30660.6016,1380871003,0
2026-06-03,30730.1055,30762.1992,30441.8047,30571.2363,1211512822,0
2026-06-04,30174.5879,30541.4316,30092.2344,30407.8105,1333729449,0
2026-06-05,29992.3691,30051.0801,28929.8848,28957.5996,1687829379,0
2026-06-08,29482.1934,29697.8984,29294.0195,29414.2578,1061960441,0
2026-06-09,29647.3457,29805.2988,28196.9023,29084.5,1473374984,0
2026-06-10,28893.8242,29212.3828,28462.916,28508.0273,1218900389,0
2026-06-11,28731.1582,29506.6738,28548.498,29446.1758,1394977173,0
2026-06-12,29380.6758,29733.8867,29220.832,29635.9473,1186487203,0
2026-06-15,30289.9668,30587.1582,30285.6309,30543.918,1311956880,0
2026-06-16,30455.4863,30560.0762,29962.873,29968.1289,1241721722,0
2026-06-17,30160.7422,30208.9434,29604.9336,29670.9473,1261957291,0
2026-06-18,30261.6035,30463.7734,30089.3496,30406.1934,1338555201,0
2026-06-22,30529.9902,30642.5703,30194.25,30347.082,1478007058,0
2026-06-23,29369.248,29748.7207,29276.9785,29347.2734,1454533892,0
2026-06-24,29328.3984,29592.8965,28963.1016,29220.0566,1126317901,0
2026-06-25,29843.8926,29843.8926,29000.5547,29440.3223,1271338204,0
2026-06-26,29040.1211,29413.8027,28890.7363,29118.2383,1298109461,0
2026-06-29,29310.2578,29792.6328,28991.5234,29774.752,1573972542,0
2026-06-30,29792.9277,30328.793,29767.7559,30276.3477,1100588190,0
2026-07-01,29914.2812,30084.7812,29787.4082,29809.1328,1500228830,0
2026-07-02,29778.6953,30044.498,29087.3262,29329.2129,1248997244,0
2026-07-06,29575.5664,29847.7441,29553.6152,29697.873,1217376640,0
2026-07-07,29362.2012,29426.4492,28974.4707,29173.0176,1325078795,0
2026-07-08,29030.3301,29280.5781,28814.5703,29252.5625,986767057,0
2026-07-09,29486.6133,29773.7441,29398.4727,29727.0977,996197542,0
2026-07-10,29618.3418,29856.9414,29484.4902,29825.1094,1013408816,0
2026-07-13,29471.0156,29540.9961,29189.2051,29264.1035,1178989982,0
2026-07-14,29561.3535,29693.7734,29368.8711,29586.2871,1104503118,0
2026-07-15,29759.8047,29771.8867,29192.8887,29502.5957,1122160524,0
2026-07-16,29318.3008,29333.0645,28881.2285,29025.7695,1129109148,0
2026-07-17,28457.3301,28867.4004,28231.3203,28592.6582,1592446402,0
2026-07-20,28871.1621,29017.2344,28590.3945,28604.2344,1140153619,0
2026-07-21,29059.4434,29192.291,28891.0723,29155.1797,1191656282,0
2026-07-22,28949.8086,29176.9141,28934.5156,28998.0996,932931609,0
2026-07-23,28545.9805,28726.6172,28274.5195,28454.8086,1368627720,0
2026-07-24,28362.1543,28471.4824,28053.0762,28128.3418,1280763789,0
2026-07-27,28412.3066,28460.1992,27786.5449,28039.2109,1326533188,0
2026-07-28,27810.3945,27926.5332,27452.9473,27763.1348,1295338728,0
2026-07-29,27780.4551,27954.9141,27176.0273,27192.3066,1262764003,0
2026-07-30,27755.459,28168.416,27686.3652,28106.3457,1674431243,0
2026-07-31,28446.9863,28606.7754,27954.2441,28274.1953,1304657926,0
2026-08-03,28278.5879,28842.3574,28196.877,28776.8027,1421798899,0
2026-08-04,29109.2578,29831.4023,29109.2578,29733.1602,1346190007,0
2026-08-05,29863.2676,29946.9355,29468.3301,29487.791,1256821945,0
2026-08-06,29224.375,29569.7559,29123.3828,29373.334,1184437179,0
2026-08-07,29596.4531,29747.1543,29452.709,29722.3027,1266375836,0
2026-08-10,29709.4863,29784.207,29606.4746,29621.8047,1213959147,0
2026-08-11,29694.6973,29705.7988,29427.6094,29525.4785,962716068,0
2026-08-12,29875.1797,29881.502,29715.8828,29742.6035,1144332762,0
2026-08-13,29784.0625,30168.0488,29757.6172,30084.502,1256568034,0
2026-08-14,30167.125,30179.8223,29934.6582,30046.1406,902564318,0
2026-08-17,30150.7754,30195.7188,29971.9238,29995.3809,1120485892,0
2026-08-18,29594.8887,29677.2871,29425.084,29490.957,995206014,0
2026-08-19,29580.8516,29652.2949,29288.7539,29426.0234,1250634790,0
2026-08-20,29295.1484,29378.8047,29118.0664,29213.1641,947719335,0
2026-08-21,29359.5977,29405.123,29142.4414,29308.8594,1118471094,0
2026-08-24,29094.7188,29151.9746,28875.9648,29023.1816,1068221417,0
2026-08-25,29231.1797,29338.7734,29077.7188,29209.2285,947557271,0
2026-08-26,29130.7695,29296.7676,29096.8418,29224.5215,918576876,0
2026-08-27,29480.9883,29643.5312,29366.4238,29641.5605,1278550112,0
2026-08-28,29545.9004,29752.7812,29383.918,29433.4277,1172835051,0
2026-08-31,29404.293,29483.9004,29304.4922,29456.9727,796966317,0
2026-09-01,29056.5781,29267.4219,28953.2559,29077.2207,827059929,0
2026-09-02,29015.9961,29165.623,28971.8984,29143.3301,994734743,0
2026-09-03,29234.418,29538.7598,29160.9629,29482.3203,1007876587,0
2026-09-04,29539.5664,29655.2227,29440.1465,29544.1543,939711504,0
2026-09-08,29645.1836,29655.7305,29400.7012,29507.7012,1224093226,0
2026-09-09,29431.9414,29563.5977,29334.4043,29421.5527,974934117,0
2026-09-10,29097.334,29250.4121,29038.2207,29103.5137,1149225153,0
